assay,seed_or_case,focal_or_pair,initial_prof_or_replicate,staffing_or_quality,parent_standard_or_initial_experience,start_membership_or_turnover,time_or_post_experience,professionalism_or_capability,intelligence_or_loss_actor,remaining_membership_or_loss_defender,cumulative_disrupted
police,2026093200,5,0.10000000000000001,0.50000000000000000,0.58299999999999996,48888.88888888887595385,14.000000,0.16556194595609375,0.04110607263946908,48863.70575381958042271,55.39395879808586187
police,2026093200,5,0.10000000000000001,0.50000000000000000,0.58299999999999996,48888.88888888887595385,28.000000,0.22167900673173330,0.08056716846628609,48813.82144646176311653,163.82908130714838535
police,2026093200,5,0.10000000000000001,0.50000000000000000,0.58299999999999996,48888.88888888887595385,56.000000,0.31082499770565963,0.15480803324034764,48619.16565280653594527,578.53305597618441425
police,2026093200,5,0.10000000000000001,0.50000000000000000,0.58299999999999996,48888.88888888887595385,112.000000,0.42398538538370700,0.28313997078781655,47898.03987478670751443,2078.74735964093224538
police,2026093200,5,0.10000000000000001,1.00000000000000000,0.58299999999999996,48888.88888888887595385,14.000000,0.16556194595609375,0.04997585969956253,48853.88503587254672311,65.21467674511252710
police,2026093200,5,0.10000000000000001,1.00000000000000000,0.58299999999999996,48888.88888888887595385,28.000000,0.22167900673173330,0.09802068158838362,48783.93246731031103991,193.71806045858841117
police,2026093200,5,0.10000000000000001,1.00000000000000000,0.58299999999999996,48888.88888888887595385,56.000000,0.31082499770565963,0.18848721581602734,48507.51226305376621895,690.18644572894856992
police,2026093200,5,0.10000000000000001,1.00000000000000000,0.58299999999999996,48888.88888888887595385,112.000000,0.42398538538370700,0.34248741210848355,47478.50988096062792465,2498.27735346700364971
police,2026093200,5,0.10000000000000001,1.50000000000000000,0.58299999999999996,48888.88888888887595385,14.000000,0.16556194595609375,0.04997585969956253,48853.88503587254672311,65.21467674511252710
police,2026093200,5,0.10000000000000001,1.50000000000000000,0.58299999999999996,48888.88888888887595385,28.000000,0.22167900673173330,0.09802068158838362,48783.93246731031103991,193.71806045858841117
police,2026093200,5,0.10000000000000001,1.50000000000000000,0.58299999999999996,48888.88888888887595385,56.000000,0.31082499770565963,0.18848721581602734,48507.51226305376621895,690.18644572894856992
police,2026093200,5,0.10000000000000001,1.50000000000000000,0.58299999999999996,48888.88888888887595385,112.000000,0.42398538538370700,0.34248741210848355,47478.50988096062792465,2498.27735346700364971
police,2026093200,5,0.50000000000000000,0.50000000000000000,0.58299999999999996,48888.88888888887595385,14.000000,0.50793775532099983,0.04542991864302737,48859.11736457054939819,59.98234804711979962
police,2026093200,5,0.50000000000000000,0.50000000000000000,0.58299999999999996,48888.88888888887595385,28.000000,0.51473199382741952,0.08817599250925667,48801.31021011335542426,176.34031765553766036
police,2026093200,5,0.50000000000000000,0.50000000000000000,0.58299999999999996,48888.88888888887595385,56.000000,0.52552513081992080,0.16624464150271367,48583.50350845118373400,614.19520033153264649
police,2026093200,5,0.50000000000000000,0.50000000000000000,0.58299999999999996,48888.88888888887595385,112.000000,0.53922575328191069,0.29622572749414844,47813.19199735652364325,2163.59523707111839030
police,2026093200,5,0.50000000000000000,1.00000000000000000,0.58299999999999996,48888.88888888887595385,14.000000,0.50793775532099983,0.05852370129978302,48842.90322513863793574,76.19648747902810726
police,2026093200,5,0.50000000000000000,1.00000000000000000,0.58299999999999996,48888.88888888887595385,28.000000,0.51473199382741952,0.11288365667245304,48754.13482964274589904,223.51569812615593946
police,2026093200,5,0.50000000000000000,1.00000000000000000,0.58299999999999996,48888.88888888887595385,56.000000,0.52552513081992080,0.21027365377246221,48423.72423465170868440,773.97447413100383073
police,2026093200,5,0.50000000000000000,1.00000000000000000,0.58299999999999996,48888.88888888887595385,112.000000,0.53922575328191069,0.36612839686867255,47285.63681407156400383,2691.15042035606575155
police,2026093200,5,0.50000000000000000,1.50000000000000000,0.58299999999999996,48888.88888888887595385,14.000000,0.50793775532099983,0.05852370129978302,48842.90322513863793574,76.19648747902810726
police,2026093200,5,0.50000000000000000,1.50000000000000000,0.58299999999999996,48888.88888888887595385,28.000000,0.51473199382741952,0.11288365667245304,48754.13482964274589904,223.51569812615593946
police,2026093200,5,0.50000000000000000,1.50000000000000000,0.58299999999999996,48888.88888888887595385,56.000000,0.52552513081992080,0.21027365377246221,48423.72423465170868440,773.97447413100383073
police,2026093200,5,0.50000000000000000,1.50000000000000000,0.58299999999999996,48888.88888888887595385,112.000000,0.53922575328191069,0.36612839686867255,47285.63681407156400383,2691.15042035606575155
police,2026093200,5,0.90000000000000002,0.50000000000000000,0.58299999999999996,48888.88888888887595385,14.000000,0.85031356468590591,0.04973416077948467,48854.17380840575788170,64.92590421190583072
police,2026093200,5,0.90000000000000002,0.50000000000000000,0.58299999999999996,48888.88888888887595385,28.000000,0.80778498092310580,0.09572109572677079,48787.93566438234120142,189.71486338656404769
police,2026093200,5,0.90000000000000002,0.50000000000000000,0.58299999999999996,48888.88888888887595385,56.000000,0.74022526393418198,0.17752216599256343,48546.00426546989183407,651.69444331282988969
police,2026093200,5,0.90000000000000002,0.50000000000000000,0.58299999999999996,48888.88888888887595385,112.000000,0.65446612118011438,0.30905470533294338,47725.86831253652053420,2250.91892189111968037
police,2026093200,5,0.90000000000000002,1.00000000000000000,0.58299999999999996,48888.88888888887595385,14.000000,0.85031356468590591,0.06699421003406458,48830.53184613074699882,88.56786648691924313
police,2026093200,5,0.90000000000000002,1.00000000000000000,0.58299999999999996,48888.88888888887595385,28.000000,0.80778498092310580,0.12749875027217861,48721.01199796704895562,256.63852980185174602
police,2026093200,5,0.90000000000000002,1.00000000000000000,0.58299999999999996,48888.88888888887595385,56.000000,0.74022526393418198,0.23145839365271803,48333.15061592204438057,864.54809286067620633
police,2026093200,5,0.90000000000000002,1.00000000000000000,0.58299999999999996,48888.88888888887595385,112.000000,0.65446612118011438,0.38885182749874819,47084.46388220057997387,2892.32335222705751221
police,2026093200,5,0.90000000000000002,1.50000000000000000,0.58299999999999996,48888.88888888887595385,14.000000,0.85031356468590591,0.06699421003406458,48830.53184613074699882,88.56786648691924313
police,2026093200,5,0.90000000000000002,1.50000000000000000,0.58299999999999996,48888.88888888887595385,28.000000,0.80778498092310580,0.12749875027217861,48721.01199796704895562,256.63852980185174602
police,2026093200,5,0.90000000000000002,1.50000000000000000,0.58299999999999996,48888.88888888887595385,56.000000,0.74022526393418198,0.23145839365271803,48333.15061592204438057,864.54809286067620633
police,2026093200,5,0.90000000000000002,1.50000000000000000,0.58299999999999996,48888.88888888887595385,112.000000,0.65446612118011449,0.38885182749874819,47084.46388220057997387,2892.32335222705751221
police,2026093201,32,0.10000000000000001,0.50000000000000000,0.58299999999999996,41555.55555555555474712,14.000000,0.16587394025748989,0.02029845521933871,41548.46684934713266557,41.74161593739772513
police,2026093201,32,0.10000000000000001,0.50000000000000000,0.58299999999999996,41555.55555555555474712,28.000000,0.22225804928677376,0.04058189461818573,41534.05278594457195140,123.33879556752212636
police,2026093201,32,0.10000000000000001,0.50000000000000000,0.58299999999999996,41555.55555555555474712,56.000000,0.31182826563672550,0.08110197267389030,41474.93364182852383237,435.09778224213624753
police,2026093201,32,0.10000000000000001,0.50000000000000000,0.58299999999999996,41555.55555555555474712,112.000000,0.42552715771064564,0.15827513561414386,41237.31972175877308473,1567.72365840755696809
police,2026093201,32,0.10000000000000001,1.00000000000000000,0.58299999999999996,41555.55555555555474712,14.000000,0.16587394025748989,0.02936584320868096,41543.08083561981038656,47.12762966472008230
police,2026093201,32,0.10000000000000001,1.00000000000000000,0.58299999999999996,41555.55555555555474712,28.000000,0.22225804928677376,0.05881424302409433,41517.39621526026894571,139.99536625182375360
police,2026093201,32,0.10000000000000001,1.00000000000000000,0.58299999999999996,41555.55555555555474712,56.000000,0.31182826563672550,0.11782168781534486,41410.13197554570797365,499.89944852494602401
police,2026093201,32,0.10000000000000001,1.00000000000000000,0.58299999999999996,41555.55555555555474712,112.000000,0.42552715771064564,0.22860226555447055,40974.49653920426499099,1830.54684096205619426
police,2026093201,32,0.10000000000000001,1.50000000000000000,0.58299999999999996,41555.55555555555474712,14.000000,0.16587394025748986,0.02936584320868096,41543.08083561981038656,47.12762966472008230
police,2026093201,32,0.10000000000000001,1.50000000000000000,0.58299999999999996,41555.55555555555474712,28.000000,0.22225804928677376,0.05881424302409433,41517.39621526026894571,139.99536625182375360
police,2026093201,32,0.10000000000000001,1.50000000000000000,0.58299999999999996,41555.55555555555474712,56.000000,0.31182826563672550,0.11782168781534486,41410.13197554570797365,499.89944852494602401
police,2026093201,32,0.10000000000000001,1.50000000000000000,0.58299999999999996,41555.55555555555474712,112.000000,0.42552715771064564,0.22860226555447055,40974.49653920426499099,1830.54684096205619426
police,2026093201,32,0.50000000000000000,0.50000000000000000,0.58299999999999996,41555.55555555555474712,14.000000,0.50824974962239600,0.02471667927554577,41546.01578013583639404,44.19268514869311559
police,2026093201,32,0.50000000000000000,0.50000000000000000,0.58299999999999996,41555.55555555555474712,28.000000,0.51531103638246012,0.04852562947144257,41527.25619056441064458,130.13539094767747883
police,2026093201,32,0.50000000000000000,0.50000000000000000,0.58299999999999996,41555.55555555555474712,56.000000,0.52652839875098678,0.09356255703861871,41454.76971834865253186,455.26170572200493325
police,2026093201,32,0.50000000000000000,0.50000000000000000,0.58299999999999996,41555.55555555555474712,112.000000,0.54076752560884933,0.17378986917380934,41185.53962609646259807,1619.50375406986267990
police,2026093201,32,0.50000000000000000,1.00000000000000000,0.58299999999999996,41555.55555555555474712,14.000000,0.50824974962239600,0.03810022201042296,41536.57154691323376028,53.63691837130032525
police,2026093201,32,0.50000000000000000,1.00000000000000000,0.58299999999999996,41555.55555555555474712,28.000000,0.51531103638246012,0.07433120260702675,41499.44732456366182305,157.94425694843471319
police,2026093201,32,0.50000000000000000,1.00000000000000000,0.58299999999999996,41555.55555555555474712,56.000000,0.52652839875098678,0.14155738238932791,41357.67252760092378594,552.35889646973419076
police,2026093201,32,0.50000000000000000,1.00000000000000000,0.58299999999999996,41555.55555555555474712,112.000000,0.54076752560884933,0.25662415937151262,40844.60071860923926579,1960.44266155708646693
police,2026093201,32,0.50000000000000000,1.50000000000000000,0.58299999999999996,41555.55555555555474712,14.000000,0.50824974962239600,0.03810022201042296,41536.57154691323376028,53.63691837130032525
police,2026093201,32,0.50000000000000000,1.50000000000000000,0.58299999999999996,41555.55555555555474712,28.000000,0.51531103638246012,0.07433120260702675,41499.44732456366182305,157.94425694843471319
police,2026093201,32,0.50000000000000000,1.50000000000000000,0.58299999999999996,41555.55555555555474712,56.000000,0.52652839875098678,0.14155738238932791,41357.67252760092378594,552.35889646973419076
police,2026093201,32,0.50000000000000000,1.50000000000000000,0.58299999999999996,41555.55555555555474712,112.000000,0.54076752560884933,0.25662415937151262,40844.60071860923926579,1960.44266155708646693
police,2026093201,32,0.90000000000000002,0.50000000000000000,0.58299999999999996,41555.55555555555474712,14.000000,0.85062555898730208,0.02911487092227671,41543.24862727325671585,46.95983801127626833
police,2026093201,32,0.90000000000000002,0.50000000000000000,0.58299999999999996,41555.55555555555474712,28.000000,0.80836402347814640,0.05640283062418872,41519.67305608895549085,137.71852542313951062
police,2026093201,32,0.90000000000000002,0.50000000000000000,0.58299999999999996,41555.55555555555474712,56.000000,0.74122853186524795,0.10584973142802800,41432.82626461450126953,477.20515945616068620
police,2026093201,32,0.90000000000000002,0.50000000000000000,0.58299999999999996,41555.55555555555474712,112.000000,0.65600789350705302,0.18899960822837325,41131.01360792019841028,1674.02977224613186991
police,2026093201,32,0.90000000000000002,1.00000000000000000,0.58299999999999996,41555.55555555555474712,14.000000,0.85062555898730208,0.04675557778464356,41528.82509673188178567,61.38336855265238512
police,2026093201,32,0.90000000000000002,1.00000000000000000,0.58299999999999996,41555.55555555555474712,28.000000,0.80836402347814640,0.08958934167893406,41478.46574698184849694,178.92583453024008122
police,2026093201,32,0.90000000000000002,1.00000000000000000,0.58299999999999996,41555.55555555555474712,56.000000,0.74122853186524795,0.16463722387678559,41298.61711279212613590,611.41431127852797545
police,2026093201,32,0.90000000000000002,1.00000000000000000,0.58299999999999996,41555.55555555555474712,112.000000,0.65600789350705302,0.28355638878871087,40705.37927136434154818,2099.66410880198418454
police,2026093201,32,0.90000000000000002,1.50000000000000000,0.58299999999999996,41555.55555555555474712,14.000000,0.85062555898730208,0.04675557778464356,41528.82509673188178567,61.38336855265238512
police,2026093201,32,0.90000000000000002,1.50000000000000000,0.58299999999999996,41555.55555555555474712,28.000000,0.80836402347814640,0.08958934167893406,41478.46574698184849694,178.92583453024008122
police,2026093201,32,0.90000000000000002,1.50000000000000000,0.58299999999999996,41555.55555555555474712,56.000000,0.74122853186524795,0.16463722387678559,41298.61711279212613590,611.41431127852797545
police,2026093201,32,0.90000000000000002,1.50000000000000000,0.58299999999999996,41555.55555555555474712,112.000000,0.65600789350705302,0.28355638878871087,40705.37927136434154818,2099.66410880198418454
veterancy,2026093300,0,0,0.93750000000000000,0.10000000000000001,0.00000000000000000,0.10000000000000001,0.75000000000000000,0.02020732750057084,0.01104211729265342,
veterancy,2026093300,0,0,0.93750000000000000,0.10000000000000001,0.20000000000000001,0.10000000000000001,0.75000000000000000,0.02020732750057084,0.01104211729265342,
veterancy,2026093300,0,0,0.93750000000000000,0.10000000000000001,0.40000000000000002,0.10000000000000001,0.75000000000000000,0.02020732750057084,0.01104211729265342,
veterancy,2026093300,0,0,0.93750000000000000,0.10000000000000001,0.59999999999999998,0.10000000000000001,0.75000000000000000,0.02020732750057084,0.01104211729265342,
veterancy,2026093300,1,0,0.75000000000000000,0.50000000000000000,0.00000000000000000,0.50000000000000000,0.75000000000000000,0.02020732750057084,0.01104211729265342,
veterancy,2026093300,1,0,0.75000000000000000,0.50000000000000000,0.20000000000000001,0.41999999999999998,0.71999999999999997,0.02058196452290713,0.01084112647186930,
veterancy,2026093300,1,0,0.75000000000000000,0.50000000000000000,0.40000000000000002,0.34000000000000002,0.69000000000000006,0.02097994560391544,0.01063547468830041,
veterancy,2026093300,1,0,0.75000000000000000,0.50000000000000000,0.59999999999999998,0.26000000000000001,0.66000000000000003,0.02140383910488686,0.01042484384875695,
veterancy,2026093300,2,0,0.62500000000000000,0.90000000000000002,0.00000000000000000,0.90000000000000002,0.75000000000000000,0.02020732750057084,0.01104211729265342,
veterancy,2026093300,2,0,0.62500000000000000,0.90000000000000002,0.20000000000000001,0.73999999999999999,0.70000000000000007,0.02084454072758206,0.01070456208886912,
veterancy,2026093300,2,0,0.62500000000000000,0.90000000000000002,0.40000000000000002,0.57999999999999996,0.65000000000000002,0.02155139754712024,0.01035346686656885,
veterancy,2026093300,2,0,0.62500000000000000,0.90000000000000002,0.59999999999999998,0.41999999999999998,0.59999999999999998,0.02234181163820529,0.00998717937675201,
veterancy,2026093300,0,1,0.93750000000000000,0.10000000000000001,0.00000000000000000,0.10000000000000001,0.75000000000000000,0.02008329173222285,0.01259749731146826,
veterancy,2026093300,0,1,0.93750000000000000,0.10000000000000001,0.20000000000000001,0.10000000000000001,0.75000000000000000,0.02008329173222285,0.01259749731146826,
veterancy,2026093300,0,1,0.93750000000000000,0.10000000000000001,0.40000000000000002,0.10000000000000001,0.75000000000000000,0.02008329173222285,0.01259749731146826,
veterancy,2026093300,0,1,0.93750000000000000,0.10000000000000001,0.59999999999999998,0.10000000000000001,0.75000000000000000,0.02008329173222285,0.01259749731146826,
veterancy,2026093300,1,1,0.75000000000000000,0.50000000000000000,0.00000000000000000,0.50000000000000000,0.75000000000000000,0.02008329173222285,0.01259749731146826,
veterancy,2026093300,1,1,0.75000000000000000,0.50000000000000000,0.20000000000000001,0.41999999999999998,0.71999999999999997,0.02045562917333473,0.01236819515343541,
veterancy,2026093300,1,1,0.75000000000000000,0.50000000000000000,0.40000000000000002,0.34000000000000002,0.69000000000000006,0.02085116738359875,0.01213357549472823,
veterancy,2026093300,1,1,0.75000000000000000,0.50000000000000000,0.59999999999999998,0.26000000000000001,0.66000000000000003,0.02127245895929877,0.01189327543591378,
veterancy,2026093300,2,1,0.62500000000000000,0.90000000000000002,0.00000000000000000,0.90000000000000002,0.75000000000000000,0.02008329173222285,0.01259749731146826,
veterancy,2026093300,2,1,0.62500000000000000,0.90000000000000002,0.20000000000000001,0.73999999999999999,0.70000000000000007,0.02071659364378627,0.01221239446756226,
veterancy,2026093300,2,1,0.62500000000000000,0.90000000000000002,0.40000000000000002,0.57999999999999996,0.65000000000000002,0.02141911166450393,0.01181184437361071,
veterancy,2026093300,2,1,0.62500000000000000,0.90000000000000002,0.59999999999999998,0.41999999999999998,0.59999999999999998,0.02220467406903640,0.01139396204670754,
veterancy,2026093300,0,2,0.93750000000000000,0.10000000000000001,0.00000000000000000,0.10000000000000001,0.75000000000000000,0.01239424381551748,0.00718710344963642,
veterancy,2026093300,0,2,0.93750000000000000,0.10000000000000001,0.20000000000000001,0.10000000000000001,0.75000000000000000,0.01239424381551748,0.00718710344963642,
veterancy,2026093300,0,2,0.93750000000000000,0.10000000000000001,0.40000000000000002,0.10000000000000001,0.75000000000000000,0.01239424381551748,0.00718710344963642,
veterancy,2026093300,0,2,0.93750000000000000,0.10000000000000001,0.59999999999999998,0.10000000000000001,0.75000000000000000,0.01239424381551748,0.00718710344963642,
veterancy,2026093300,1,2,0.75000000000000000,0.50000000000000000,0.00000000000000000,0.50000000000000000,0.75000000000000000,0.01239424381551748,0.00718710344963642,
veterancy,2026093300,1,2,0.75000000000000000,0.50000000000000000,0.20000000000000001,0.41999999999999998,0.71999999999999997,0.01262402890694159,0.00705628235952145,
veterancy,2026093300,1,2,0.75000000000000000,0.50000000000000000,0.40000000000000002,0.34000000000000002,0.69000000000000006,0.01286813216858479,0.00692242753766629,
veterancy,2026093300,1,2,0.75000000000000000,0.50000000000000000,0.59999999999999998,0.26000000000000001,0.66000000000000003,0.01312812891494843,0.00678533194328338,
veterancy,2026093300,2,2,0.62500000000000000,0.90000000000000002,0.00000000000000000,0.90000000000000002,0.75000000000000000,0.01239424381551748,0.00718710344963642,
veterancy,2026093300,2,2,0.62500000000000000,0.90000000000000002,0.20000000000000001,0.73999999999999999,0.70000000000000007,0.01278508105502021,0.00696739520843028,
veterancy,2026093300,2,2,0.62500000000000000,0.90000000000000002,0.40000000000000002,0.57999999999999996,0.65000000000000002,0.01321863446596831,0.00673887402753110,
veterancy,2026093300,2,2,0.62500000000000000,0.90000000000000002,0.59999999999999998,0.41999999999999998,0.59999999999999998,0.01370343805812331,0.00650046448959108,
veterancy,2026093300,0,3,0.93750000000000000,0.10000000000000001,0.00000000000000000,0.10000000000000001,0.75000000000000000,0.00984473875888034,0.00988770971450322,
veterancy,2026093300,0,3,0.93750000000000000,0.10000000000000001,0.20000000000000001,0.10000000000000001,0.75000000000000000,0.00984473875888034,0.00988770971450322,
veterancy,2026093300,0,3,0.93750000000000000,0.10000000000000001,0.40000000000000002,0.10000000000000001,0.75000000000000000,0.00984473875888034,0.00988770971450322,
veterancy,2026093300,0,3,0.93750000000000000,0.10000000000000001,0.59999999999999998,0.10000000000000001,0.75000000000000000,0.00984473875888034,0.00988770971450322,
veterancy,2026093300,1,3,0.75000000000000000,0.50000000000000000,0.00000000000000000,0.50000000000000000,0.75000000000000000,0.00984473875888034,0.00988770971450322,
veterancy,2026093300,1,3,0.75000000000000000,0.50000000000000000,0.20000000000000001,0.41999999999999998,0.71999999999999997,0.01002725688821738,0.00970773165064804,
veterancy,2026093300,1,3,0.75000000000000000,0.50000000000000000,0.40000000000000002,0.34000000000000002,0.69000000000000006,0.01022114792964248,0.00952357990834128,
veterancy,2026093300,1,3,0.75000000000000000,0.50000000000000000,0.59999999999999998,0.26000000000000001,0.66000000000000003,0.01042766315430708,0.00933496964971687,
veterancy,2026093300,2,3,0.62500000000000000,0.90000000000000002,0.00000000000000000,0.90000000000000002,0.75000000000000000,0.00984473875888034,0.00988770971450322,
veterancy,2026093300,2,3,0.62500000000000000,0.90000000000000002,0.20000000000000001,0.73999999999999999,0.70000000000000007,0.01015518049114064,0.00958544450764293,
veterancy,2026093300,2,3,0.62500000000000000,0.90000000000000002,0.40000000000000002,0.57999999999999996,0.65000000000000002,0.01049955164700429,0.00927105483506057,
veterancy,2026093300,2,3,0.62500000000000000,0.90000000000000002,0.59999999999999998,0.41999999999999998,0.59999999999999998,0.01088463078415646,0.00894306118353757,
veterancy,2026093300,0,4,0.93750000000000000,0.10000000000000001,0.00000000000000000,0.10000000000000001,0.75000000000000000,0.01378198123751452,0.01954231168780757,
veterancy,2026093300,0,4,0.93750000000000000,0.10000000000000001,0.20000000000000001,0.10000000000000001,0.75000000000000000,0.01378198123751452,0.01954231168780757,
veterancy,2026093300,0,4,0.93750000000000000,0.10000000000000001,0.40000000000000002,0.10000000000000001,0.75000000000000000,0.01378198123751452,0.01954231168780757,
veterancy,2026093300,0,4,0.93750000000000000,0.10000000000000001,0.59999999999999998,0.10000000000000001,0.75000000000000000,0.01378198123751452,0.01954231168780757,
veterancy,2026093300,1,4,0.75000000000000000,0.50000000000000000,0.00000000000000000,0.50000000000000000,0.75000000000000000,0.01378198123751452,0.01954231168780757,
veterancy,2026093300,1,4,0.75000000000000000,0.50000000000000000,0.20000000000000001,0.41999999999999998,0.71999999999999997,0.01403749451172519,0.01918659863368498,
veterancy,2026093300,1,4,0.75000000000000000,0.50000000000000000,0.40000000000000002,0.34000000000000002,0.69000000000000006,0.01430892910846683,0.01882263661923230,
veterancy,2026093300,1,4,0.75000000000000000,0.50000000000000000,0.59999999999999998,0.26000000000000001,0.66000000000000003,0.01459803672435146,0.01844986268391449,
veterancy,2026093300,2,4,0.62500000000000000,0.90000000000000002,0.00000000000000000,0.90000000000000002,0.75000000000000000,0.01378198123751452,0.01954231168780757,
veterancy,2026093300,2,4,0.62500000000000000,0.90000000000000002,0.20000000000000001,0.73999999999999999,0.70000000000000007,0.01421657907034114,0.01894490732871941,
veterancy,2026093300,2,4,0.62500000000000000,0.90000000000000002,0.40000000000000002,0.57999999999999996,0.65000000000000002,0.01469867584559302,0.01832353987857869,
veterancy,2026093300,2,4,0.62500000000000000,0.90000000000000002,0.59999999999999998,0.41999999999999998,0.59999999999999998,0.01523776109439177,0.01767528519121834,
veterancy,2026093300,0,5,0.93750000000000000,0.10000000000000001,0.00000000000000000,0.10000000000000001,0.75000000000000000,0.01022527414217268,0.01208862377622222,
veterancy,2026093300,0,5,0.93750000000000000,0.10000000000000001,0.20000000000000001,0.10000000000000001,0.75000000000000000,0.01022527414217268,0.01208862377622222,
veterancy,2026093300,0,5,0.93750000000000000,0.10000000000000001,0.40000000000000002,0.10000000000000001,0.75000000000000000,0.01022527414217268,0.01208862377622222,
veterancy,2026093300,0,5,0.93750000000000000,0.10000000000000001,0.59999999999999998,0.10000000000000001,0.75000000000000000,0.01022527414217268,0.01208862377622222,
veterancy,2026093300,1,5,0.75000000000000000,0.50000000000000000,0.00000000000000000,0.50000000000000000,0.75000000000000000,0.01022527414217268,0.01208862377622222,
veterancy,2026093300,1,5,0.75000000000000000,0.50000000000000000,0.20000000000000001,0.41999999999999998,0.71999999999999997,0.01041484726890542,0.01186858423574847,
veterancy,2026093300,1,5,0.75000000000000000,0.50000000000000000,0.40000000000000002,0.34000000000000002,0.69000000000000006,0.01061623291263265,0.01164344199404025,
veterancy,2026093300,1,5,0.75000000000000000,0.50000000000000000,0.59999999999999998,0.26000000000000001,0.66000000000000003,0.01083073071074057,0.01141284881091894,
veterancy,2026093300,2,5,0.62500000000000000,0.90000000000000002,0.00000000000000000,0.90000000000000002,0.75000000000000000,0.01022527414217268,0.01208862377622222,
veterancy,2026093300,2,5,0.62500000000000000,0.90000000000000002,0.20000000000000001,0.73999999999999999,0.70000000000000007,0.01054771558986170,0.01171907708928654,
veterancy,2026093300,2,5,0.62500000000000000,0.90000000000000002,0.40000000000000002,0.57999999999999996,0.65000000000000002,0.01090539795824202,0.01133470714106659,
veterancy,2026093300,2,5,0.62500000000000000,0.90000000000000002,0.59999999999999998,0.41999999999999998,0.59999999999999998,0.01130536182119977,0.01093370509218607,
veterancy,2026093300,0,6,0.93750000000000000,0.10000000000000001,0.00000000000000000,0.10000000000000001,0.75000000000000000,0.01849107695170551,0.01298294311217819,
veterancy,2026093300,0,6,0.93750000000000000,0.10000000000000001,0.20000000000000001,0.10000000000000001,0.75000000000000000,0.01849107695170551,0.01298294311217819,
veterancy,2026093300,0,6,0.93750000000000000,0.10000000000000001,0.40000000000000002,0.10000000000000001,0.75000000000000000,0.01849107695170551,0.01298294311217819,
veterancy,2026093300,0,6,0.93750000000000000,0.10000000000000001,0.59999999999999998,0.10000000000000001,0.75000000000000000,0.01849107695170551,0.01298294311217819,
veterancy,2026093300,1,6,0.75000000000000000,0.50000000000000000,0.00000000000000000,0.50000000000000000,0.75000000000000000,0.01849107695170551,0.01298294311217819,
veterancy,2026093300,1,6,0.75000000000000000,0.50000000000000000,0.20000000000000001,0.41999999999999998,0.71999999999999997,0.01883389526891153,0.01274662499282203,
veterancy,2026093300,1,6,0.75000000000000000,0.50000000000000000,0.40000000000000002,0.34000000000000002,0.69000000000000006,0.01919807498510806,0.01250482667314941,
veterancy,2026093300,1,6,0.75000000000000000,0.50000000000000000,0.59999999999999998,0.26000000000000001,0.66000000000000003,0.01958596632529486,0.01225717415008808,
veterancy,2026093300,2,6,0.62500000000000000,0.90000000000000002,0.00000000000000000,0.90000000000000002,0.75000000000000000,0.01849107695170551,0.01298294311217819,
veterancy,2026093300,2,6,0.62500000000000000,0.90000000000000002,0.20000000000000001,0.73999999999999999,0.70000000000000007,0.01907417032785713,0.01258605727119300,
veterancy,2026093300,2,6,0.62500000000000000,0.90000000000000002,0.40000000000000002,0.57999999999999996,0.65000000000000002,0.01972099232069854,0.01217325154043760,
veterancy,2026093300,2,6,0.62500000000000000,0.90000000000000002,0.59999999999999998,0.41999999999999998,0.59999999999999998,0.02044427489141720,0.01174258326215750,
veterancy,2026093300,0,7,0.93750000000000000,0.10000000000000001,0.00000000000000000,0.10000000000000001,0.75000000000000000,0.01327452417919972,0.01629654271274694,
veterancy,2026093300,0,7,0.93750000000000000,0.10000000000000001,0.20000000000000001,0.10000000000000001,0.75000000000000000,0.01327452417919972,0.01629654271274694,
veterancy,2026093300,0,7,0.93750000000000000,0.10000000000000001,0.40000000000000002,0.10000000000000001,0.75000000000000000,0.01327452417919972,0.01629654271274694,
veterancy,2026093300,0,7,0.93750000000000000,0.10000000000000001,0.59999999999999998,0.10000000000000001,0.75000000000000000,0.01327452417919972,0.01629654271274694,
veterancy,2026093300,1,7,0.75000000000000000,0.50000000000000000,0.00000000000000000,0.50000000000000000,0.75000000000000000,0.01327452417919972,0.01629654271274694,
veterancy,2026093300,1,7,0.75000000000000000,0.50000000000000000,0.20000000000000001,0.41999999999999998,0.71999999999999997,0.01352062937105575,0.01599990979272206,
veterancy,2026093300,1,7,0.75000000000000000,0.50000000000000000,0.40000000000000002,0.34000000000000002,0.69000000000000006,0.01378206965713821,0.01569639797645903,
veterancy,2026093300,1,7,0.75000000000000000,0.50000000000000000,0.59999999999999998,0.26000000000000001,0.66000000000000003,0.01406053223601657,0.01538553780514690,
veterancy,2026093300,2,7,0.62500000000000000,0.90000000000000002,0.00000000000000000,0.90000000000000002,0.75000000000000000,0.01327452417919972,0.01629654271274694,
veterancy,2026093300,2,7,0.62500000000000000,0.90000000000000002,0.20000000000000001,0.73999999999999999,0.70000000000000007,0.01369311997763123,0.01579836082873089,
veterancy,2026093300,2,7,0.62500000000000000,0.90000000000000002,0.40000000000000002,0.57999999999999996,0.65000000000000002,0.01415746579188726,0.01528019586681148,
veterancy,2026093300,2,7,0.62500000000000000,0.90000000000000002,0.59999999999999998,0.41999999999999998,0.59999999999999998,0.01467670174544878,0.01473960935022774,
veterancy,2026093300,0,8,0.93750000000000000,0.10000000000000001,0.00000000000000000,0.10000000000000001,0.75000000000000000,0.01047735826470341,0.01536166983255111,
veterancy,2026093300,0,8,0.93750000000000000,0.10000000000000001,0.20000000000000001,0.10000000000000001,0.75000000000000000,0.01047735826470341,0.01536166983255111,
veterancy,2026093300,0,8,0.93750000000000000,0.10000000000000001,0.40000000000000002,0.10000000000000001,0.75000000000000000,0.01047735826470341,0.01536166983255111,
veterancy,2026093300,0,8,0.93750000000000000,0.10000000000000001,0.59999999999999998,0.10000000000000001,0.75000000000000000,0.01047735826470341,0.01536166983255111,
veterancy,2026093300,1,8,0.75000000000000000,0.50000000000000000,0.00000000000000000,0.50000000000000000,0.75000000000000000,0.01047735826470341,0.01536166983255111,
veterancy,2026093300,1,8,0.75000000000000000,0.50000000000000000,0.20000000000000001,0.41999999999999998,0.71999999999999997,0.01067160494587029,0.01508205365510730,
veterancy,2026093300,1,8,0.75000000000000000,0.50000000000000000,0.40000000000000002,0.34000000000000002,0.69000000000000006,0.01087795535852047,0.01479595319847101,
veterancy,2026093300,1,8,0.75000000000000000,0.50000000000000000,0.59999999999999998,0.26000000000000001,0.66000000000000003,0.01109774118005623,0.01450292593496124,
veterancy,2026093300,2,8,0.62500000000000000,0.90000000000000002,0.00000000000000000,0.90000000000000002,0.75000000000000000,0.01047735826470341,0.01536166983255111,
veterancy,2026093300,2,8,0.62500000000000000,0.90000000000000002,0.20000000000000001,0.73999999999999999,0.70000000000000007,0.01080774887524888,0.01489206681590474,
veterancy,2026093300,2,8,0.62500000000000000,0.90000000000000002,0.40000000000000002,0.57999999999999996,0.65000000000000002,0.01117424920241683,0.01440362707723705,
veterancy,2026093300,2,8,0.62500000000000000,0.90000000000000002,0.59999999999999998,0.41999999999999998,0.59999999999999998,0.01158407339166376,0.01389405202625437,
veterancy,2026093300,0,9,0.93750000000000000,0.10000000000000001,0.00000000000000000,0.10000000000000001,0.75000000000000000,0.01124184501988168,0.01082942201953870,
veterancy,2026093300,0,9,0.93750000000000000,0.10000000000000001,0.20000000000000001,0.10000000000000001,0.75000000000000000,0.01124184501988168,0.01082942201953870,
veterancy,2026093300,0,9,0.93750000000000000,0.10000000000000001,0.40000000000000002,0.10000000000000001,0.75000000000000000,0.01124184501988168,0.01082942201953870,
veterancy,2026093300,0,9,0.93750000000000000,0.10000000000000001,0.59999999999999998,0.10000000000000001,0.75000000000000000,0.01124184501988168,0.01082942201953870,
veterancy,2026093300,1,9,0.75000000000000000,0.50000000000000000,0.00000000000000000,0.50000000000000000,0.75000000000000000,0.01124184501988168,0.01082942201953870,
veterancy,2026093300,1,9,0.75000000000000000,0.50000000000000000,0.20000000000000001,0.41999999999999998,0.71999999999999997,0.01145026502711391,0.01063230272052783,
veterancy,2026093300,1,9,0.75000000000000000,0.50000000000000000,0.40000000000000002,0.34000000000000002,0.69000000000000006,0.01167167192188583,0.01043061223904556,
veterancy,2026093300,1,9,0.75000000000000000,0.50000000000000000,0.59999999999999998,0.26000000000000001,0.66000000000000003,0.01190749454824356,0.01022403860907127,
veterancy,2026093300,2,9,0.62500000000000000,0.90000000000000002,0.00000000000000000,0.90000000000000002,0.75000000000000000,0.01124184501988168,0.01082942201953870,
veterancy,2026093300,2,9,0.62500000000000000,0.90000000000000002,0.20000000000000001,0.73999999999999999,0.70000000000000007,0.01159634278028454,0.01049836886552964,
veterancy,2026093300,2,9,0.62500000000000000,0.90000000000000002,0.40000000000000002,0.57999999999999996,0.65000000000000002,0.01198958502452831,0.01015403650330575,
veterancy,2026093300,2,9,0.62500000000000000,0.90000000000000002,0.59999999999999998,0.41999999999999998,0.59999999999999998,0.01242931228253701,0.00979480450978724,
veterancy,2026093300,0,10,0.93750000000000000,0.10000000000000001,0.00000000000000000,0.10000000000000001,0.75000000000000000,0.01278607550279446,0.01385719429477376,
veterancy,2026093300,0,10,0.93750000000000000,0.10000000000000001,0.20000000000000001,0.10000000000000001,0.75000000000000000,0.01278607550279446,0.01385719429477376,
veterancy,2026093300,0,10,0.93750000000000000,0.10000000000000001,0.40000000000000002,0.10000000000000001,0.75000000000000000,0.01278607550279446,0.01385719429477376,
veterancy,2026093300,0,10,0.93750000000000000,0.10000000000000001,0.59999999999999998,0.10000000000000001,0.75000000000000000,0.01278607550279446,0.01385719429477376,
veterancy,2026093300,1,10,0.75000000000000000,0.50000000000000000,0.00000000000000000,0.50000000000000000,0.75000000000000000,0.01278607550279446,0.01385719429477376,
veterancy,2026093300,1,10,0.75000000000000000,0.50000000000000000,0.20000000000000001,0.41999999999999998,0.71999999999999997,0.01302312502127233,0.01360496288106435,
veterancy,2026093300,1,10,0.75000000000000000,0.50000000000000000,0.40000000000000002,0.34000000000000002,0.69000000000000006,0.01327494536467566,0.01334688223887849,
veterancy,2026093300,1,10,0.75000000000000000,0.50000000000000000,0.59999999999999998,0.26000000000000001,0.66000000000000003,0.01354316164950649,0.01308255318035924,
veterancy,2026093300,2,10,0.62500000000000000,0.90000000000000002,0.00000000000000000,0.90000000000000002,0.75000000000000000,0.01278607550279446,0.01385719429477376,
veterancy,2026093300,2,10,0.62500000000000000,0.90000000000000002,0.20000000000000001,0.73999999999999999,0.70000000000000007,0.01318926867278276,0.01343358277896755,
veterancy,2026093300,2,10,0.62500000000000000,0.90000000000000002,0.40000000000000002,0.57999999999999996,0.65000000000000002,0.01363652844347848,0.01299297935279151,
veterancy,2026093300,2,10,0.62500000000000000,0.90000000000000002,0.59999999999999998,0.41999999999999998,0.59999999999999998,0.01413665861887159,0.01253331054294165,
veterancy,2026093300,0,11,0.93750000000000000,0.10000000000000001,0.00000000000000000,0.10000000000000001,0.75000000000000000,0.00732936537774219,0.00395988514538988,
veterancy,2026093300,0,11,0.93750000000000000,0.10000000000000001,0.20000000000000001,0.10000000000000001,0.75000000000000000,0.00732936537774219,0.00395988514538988,
veterancy,2026093300,0,11,0.93750000000000000,0.10000000000000001,0.40000000000000002,0.10000000000000001,0.75000000000000000,0.00732936537774219,0.00395988514538988,
veterancy,2026093300,0,11,0.93750000000000000,0.10000000000000001,0.59999999999999998,0.10000000000000001,0.75000000000000000,0.00732936537774219,0.00395988514538988,
veterancy,2026093300,1,11,0.75000000000000000,0.50000000000000000,0.00000000000000000,0.50000000000000000,0.75000000000000000,0.00732936537774219,0.00395988514538988,
veterancy,2026093300,1,11,0.75000000000000000,0.50000000000000000,0.20000000000000001,0.41999999999999998,0.71999999999999997,0.00746524933472040,0.00388780652636342,
veterancy,2026093300,1,11,0.75000000000000000,0.50000000000000000,0.40000000000000002,0.34000000000000002,0.69000000000000006,0.00760960037550285,0.00381405640930757,
veterancy,2026093300,1,11,0.75000000000000000,0.50000000000000000,0.59999999999999998,0.26000000000000001,0.66000000000000003,0.00776335006604370,0.00373852072076488,
veterancy,2026093300,2,11,0.62500000000000000,0.90000000000000002,0.00000000000000000,0.90000000000000002,0.75000000000000000,0.00732936537774219,0.00395988514538988,
veterancy,2026093300,2,11,0.62500000000000000,0.90000000000000002,0.20000000000000001,0.73999999999999999,0.70000000000000007,0.00756048790318084,0.00383883228914965,
veterancy,2026093300,2,11,0.62500000000000000,0.90000000000000002,0.40000000000000002,0.57999999999999996,0.65000000000000002,0.00781687073757576,0.00371292375924043,
veterancy,2026093300,2,11,0.62500000000000000,0.90000000000000002,0.59999999999999998,0.41999999999999998,0.59999999999999998,0.00810356048777237,0.00358156703195471,
veterancy,2026093300,0,12,0.93750000000000000,0.10000000000000001,0.00000000000000000,0.10000000000000001,0.75000000000000000,0.00579069253008731,0.00838252838930680,
veterancy,2026093300,0,12,0.93750000000000000,0.10000000000000001,0.20000000000000001,0.10000000000000001,0.75000000000000000,0.00579069253008731,0.00838252838930680,
veterancy,2026093300,0,12,0.93750000000000000,0.10000000000000001,0.40000000000000002,0.10000000000000001,0.75000000000000000,0.00579069253008731,0.00838252838930680,
veterancy,2026093300,0,12,0.93750000000000000,0.10000000000000001,0.59999999999999998,0.10000000000000001,0.75000000000000000,0.00579069253008731,0.00838252838930680,
veterancy,2026093300,1,12,0.75000000000000000,0.50000000000000000,0.00000000000000000,0.50000000000000000,0.75000000000000000,0.00579069253008731,0.00838252838930680,
veterancy,2026093300,1,12,0.75000000000000000,0.50000000000000000,0.20000000000000001,0.41999999999999998,0.71999999999999997,0.00589805001249931,0.00822994793606949,
veterancy,2026093300,1,12,0.75000000000000000,0.50000000000000000,0.40000000000000002,0.34000000000000002,0.69000000000000006,0.00601209706166242,0.00807382915301469,
veterancy,2026093300,1,12,0.75000000000000000,0.50000000000000000,0.59999999999999998,0.26000000000000001,0.66000000000000003,0.00613356967745278,0.00791393056243260,
veterancy,2026093300,2,12,0.62500000000000000,0.90000000000000002,0.00000000000000000,0.90000000000000002,0.75000000000000000,0.00579069253008731,0.00838252838930680,
veterancy,2026093300,2,12,0.62500000000000000,0.90000000000000002,0.20000000000000001,0.73999999999999999,0.70000000000000007,0.00597329489913500,0.00812627625905975,
veterancy,2026093300,2,12,0.62500000000000000,0.90000000000000002,0.40000000000000002,0.57999999999999996,0.65000000000000002,0.00617585461439796,0.00785974534018965,
veterancy,2026093300,2,12,0.62500000000000000,0.90000000000000002,0.59999999999999998,0.41999999999999998,0.59999999999999998,0.00640235883534422,0.00758168134207585,
veterancy,2026093300,0,13,0.93750000000000000,0.10000000000000001,0.00000000000000000,0.10000000000000001,0.75000000000000000,0.00938161528687385,0.00749946892830417,
veterancy,2026093300,0,13,0.93750000000000000,0.10000000000000001,0.20000000000000001,0.10000000000000001,0.75000000000000000,0.00938161528687385,0.00749946892830417,
veterancy,2026093300,0,13,0.93750000000000000,0.10000000000000001,0.40000000000000002,0.10000000000000001,0.75000000000000000,0.00938161528687385,0.00749946892830417,
veterancy,2026093300,0,13,0.93750000000000000,0.10000000000000001,0.59999999999999998,0.10000000000000001,0.75000000000000000,0.00938161528687385,0.00749946892830417,
veterancy,2026093300,1,13,0.75000000000000000,0.50000000000000000,0.00000000000000000,0.50000000000000000,0.75000000000000000,0.00938161528687385,0.00749946892830417,
veterancy,2026093300,1,13,0.75000000000000000,0.50000000000000000,0.20000000000000001,0.41999999999999998,0.71999999999999997,0.00955554726356297,0.00736296209946011,
veterancy,2026093300,1,13,0.75000000000000000,0.50000000000000000,0.40000000000000002,0.34000000000000002,0.69000000000000006,0.00974031713940974,0.00722328968700071,
veterancy,2026093300,1,13,0.75000000000000000,0.50000000000000000,0.59999999999999998,0.26000000000000001,0.66000000000000003,0.00993711732234374,0.00708023565174335,
veterancy,2026093300,2,13,0.62500000000000000,0.90000000000000002,0.00000000000000000,0.90000000000000002,0.75000000000000000,0.00938161528687385,0.00749946892830417,
veterancy,2026093300,2,13,0.62500000000000000,0.90000000000000002,0.20000000000000001,0.73999999999999999,0.70000000000000007,0.00967745298987336,0.00727021174009701,
veterancy,2026093300,2,13,0.62500000000000000,0.90000000000000002,0.40000000000000002,0.57999999999999996,0.65000000000000002,0.01000562398347074,0.00703175858471639,
veterancy,2026093300,2,13,0.62500000000000000,0.90000000000000002,0.59999999999999998,0.41999999999999998,0.59999999999999998,0.01037258794343404,0.00678298730508732,
veterancy,2026093300,0,14,0.93750000000000000,0.10000000000000001,0.00000000000000000,0.10000000000000001,0.75000000000000000,0.00972119337627021,0.00783089077358761,
veterancy,2026093300,0,14,0.93750000000000000,0.10000000000000001,0.20000000000000001,0.10000000000000001,0.75000000000000000,0.00972119337627021,0.00783089077358761,
veterancy,2026093300,0,14,0.93750000000000000,0.10000000000000001,0.40000000000000002,0.10000000000000001,0.75000000000000000,0.00972119337627021,0.00783089077358761,
veterancy,2026093300,0,14,0.93750000000000000,0.10000000000000001,0.59999999999999998,0.10000000000000001,0.75000000000000000,0.00972119337627021,0.00783089077358761,
veterancy,2026093300,1,14,0.75000000000000000,0.50000000000000000,0.00000000000000000,0.50000000000000000,0.75000000000000000,0.00972119337627021,0.00783089077358761,
veterancy,2026093300,1,14,0.75000000000000000,0.50000000000000000,0.20000000000000001,0.41999999999999998,0.71999999999999997,0.00990142101596860,0.00768835133822938,
veterancy,2026093300,1,14,0.75000000000000000,0.50000000000000000,0.40000000000000002,0.34000000000000002,0.69000000000000006,0.01009287884474236,0.00754250642354145,
veterancy,2026093300,1,14,0.75000000000000000,0.50000000000000000,0.59999999999999998,0.26000000000000001,0.66000000000000003,0.01029680243106373,0.00739313044298456,
veterancy,2026093300,2,14,0.62500000000000000,0.90000000000000002,0.00000000000000000,0.90000000000000002,0.75000000000000000,0.00972119337627021,0.00783089077358761,
veterancy,2026093300,2,14,0.62500000000000000,0.90000000000000002,0.20000000000000001,0.73999999999999999,0.70000000000000007,0.01002773925679389,0.00759150208925894,
veterancy,2026093300,2,14,0.62500000000000000,0.90000000000000002,0.40000000000000002,0.57999999999999996,0.65000000000000002,0.01036778876763947,0.00734251104305895,
veterancy,2026093300,2,14,0.62500000000000000,0.90000000000000002,0.59999999999999998,0.41999999999999998,0.59999999999999998,0.01074803539978575,0.00708274588675181,
veterancy,2026093300,0,15,0.93750000000000000,0.10000000000000001,0.00000000000000000,0.10000000000000001,0.75000000000000000,0.02163191817875679,0.01972010724069230,
veterancy,2026093300,0,15,0.93750000000000000,0.10000000000000001,0.20000000000000001,0.10000000000000001,0.75000000000000000,0.02163191817875679,0.01972010724069230,
veterancy,2026093300,0,15,0.93750000000000000,0.10000000000000001,0.40000000000000002,0.10000000000000001,0.75000000000000000,0.02163191817875679,0.01972010724069230,
veterancy,2026093300,0,15,0.93750000000000000,0.10000000000000001,0.59999999999999998,0.10000000000000001,0.75000000000000000,0.02163191817875679,0.01972010724069230,
veterancy,2026093300,1,15,0.75000000000000000,0.50000000000000000,0.00000000000000000,0.50000000000000000,0.75000000000000000,0.02163191817875679,0.01972010724069230,
veterancy,2026093300,1,15,0.75000000000000000,0.50000000000000000,0.20000000000000001,0.41999999999999998,0.71999999999999997,0.02203296663079391,0.01936115791646318,
veterancy,2026093300,1,15,0.75000000000000000,0.50000000000000000,0.40000000000000002,0.34000000000000002,0.69000000000000006,0.02245900486770688,0.01899388458303145,
veterancy,2026093300,1,15,0.75000000000000000,0.50000000000000000,0.59999999999999998,0.26000000000000001,0.66000000000000003,0.02291278231696435,0.01861771915805821,
veterancy,2026093300,2,15,0.62500000000000000,0.90000000000000002,0.00000000000000000,0.90000000000000002,0.75000000000000000,0.02163191817875679,0.01972010724069230,
veterancy,2026093300,2,15,0.62500000000000000,0.90000000000000002,0.20000000000000001,0.73999999999999999,0.70000000000000007,0.02231405412121330,0.01911726770893790,
veterancy,2026093300,2,15,0.62500000000000000,0.90000000000000002,0.40000000000000002,0.57999999999999996,0.65000000000000002,0.02307074344017019,0.01849024707041769,
veterancy,2026093300,2,15,0.62500000000000000,0.90000000000000002,0.59999999999999998,0.41999999999999998,0.59999999999999998,0.02391688071117778,0.01783609457514240,
veterancy,2026093300,0,16,0.93750000000000000,0.10000000000000001,0.00000000000000000,0.10000000000000001,0.75000000000000000,0.00839334556163738,0.01422685887988166,
veterancy,2026093300,0,16,0.93750000000000000,0.10000000000000001,0.20000000000000001,0.10000000000000001,0.75000000000000000,0.00839334556163738,0.01422685887988166,
veterancy,2026093300,0,16,0.93750000000000000,0.10000000000000001,0.40000000000000002,0.10000000000000001,0.75000000000000000,0.00839334556163738,0.01422685887988166,
veterancy,2026093300,0,16,0.93750000000000000,0.10000000000000001,0.59999999999999998,0.10000000000000001,0.75000000000000000,0.00839334556163738,0.01422685887988166,
veterancy,2026093300,1,16,0.75000000000000000,0.50000000000000000,0.00000000000000000,0.50000000000000000,0.75000000000000000,0.00839334556163738,0.01422685887988166,
veterancy,2026093300,1,16,0.75000000000000000,0.50000000000000000,0.20000000000000001,0.41999999999999998,0.71999999999999997,0.00854895535162871,0.01396789875768218,
veterancy,2026093300,1,16,0.75000000000000000,0.50000000000000000,0.40000000000000002,0.34000000000000002,0.69000000000000006,0.00871426136449963,0.01370293336873669,
veterancy,2026093300,1,16,0.75000000000000000,0.50000000000000000,0.59999999999999998,0.26000000000000001,0.66000000000000003,0.00889033039861045,0.01343155287616298,
veterancy,2026093300,2,16,0.62500000000000000,0.90000000000000002,0.00000000000000000,0.90000000000000002,0.75000000000000000,0.00839334556163738,0.01422685887988166,
veterancy,2026093300,2,16,0.62500000000000000,0.90000000000000002,0.20000000000000001,0.73999999999999999,0.70000000000000007,0.00865801939396874,0.01379194679543900,
veterancy,2026093300,2,16,0.62500000000000000,0.90000000000000002,0.40000000000000002,0.57999999999999996,0.65000000000000002,0.00895162049232351,0.01333958951207728,
veterancy,2026093300,2,16,0.62500000000000000,0.90000000000000002,0.59999999999999998,0.41999999999999998,0.59999999999999998,0.00927992806308362,0.01286765824301199,
veterancy,2026093300,0,17,0.93750000000000000,0.10000000000000001,0.00000000000000000,0.10000000000000001,0.75000000000000000,0.00722743951458665,0.01400924470624682,
veterancy,2026093300,0,17,0.93750000000000000,0.10000000000000001,0.20000000000000001,0.10000000000000001,0.75000000000000000,0.00722743951458665,0.01400924470624682,
veterancy,2026093300,0,17,0.93750000000000000,0.10000000000000001,0.40000000000000002,0.10000000000000001,0.75000000000000000,0.00722743951458665,0.01400924470624682,
veterancy,2026093300,0,17,0.93750000000000000,0.10000000000000001,0.59999999999999998,0.10000000000000001,0.75000000000000000,0.00722743951458665,0.01400924470624682,
veterancy,2026093300,1,17,0.75000000000000000,0.50000000000000000,0.00000000000000000,0.50000000000000000,0.75000000000000000,0.00722743951458665,0.01400924470624682,
veterancy,2026093300,1,17,0.75000000000000000,0.50000000000000000,0.20000000000000001,0.41999999999999998,0.71999999999999997,0.00736143380051010,0.01375424564062860,
veterancy,2026093300,1,17,0.75000000000000000,0.50000000000000000,0.40000000000000002,0.34000000000000002,0.69000000000000006,0.00750377742268665,0.01349333316488367,
veterancy,2026093300,1,17,0.75000000000000000,0.50000000000000000,0.59999999999999998,0.26000000000000001,0.66000000000000003,0.00765538899224282,0.01322610371099893,
veterancy,2026093300,2,17,0.62500000000000000,0.90000000000000002,0.00000000000000000,0.90000000000000002,0.75000000000000000,0.00722743951458665,0.01400924470624682,
veterancy,2026093300,2,17,0.62500000000000000,0.90000000000000002,0.20000000000000001,0.73999999999999999,0.70000000000000007,0.00745534793325260,0.01358098504133386,
veterancy,2026093300,2,17,0.62500000000000000,0.90000000000000002,0.40000000000000002,0.57999999999999996,0.65000000000000002,0.00770816537823828,0.01313554701943656,
veterancy,2026093300,2,17,0.62500000000000000,0.90000000000000002,0.59999999999999998,0.41999999999999998,0.59999999999999998,0.00799086827572114,0.01267083441571379,
veterancy,2026093300,0,18,0.93750000000000000,0.10000000000000001,0.00000000000000000,0.10000000000000001,0.75000000000000000,0.00918318740587711,0.01651443097597337,
veterancy,2026093300,0,18,0.93750000000000000,0.10000000000000001,0.20000000000000001,0.10000000000000001,0.75000000000000000,0.00918318740587711,0.01651443097597337,
veterancy,2026093300,0,18,0.93750000000000000,0.10000000000000001,0.40000000000000002,0.10000000000000001,0.75000000000000000,0.00918318740587711,0.01651443097597337,
veterancy,2026093300,0,18,0.93750000000000000,0.10000000000000001,0.59999999999999998,0.10000000000000001,0.75000000000000000,0.00918318740587711,0.01651443097597337,
veterancy,2026093300,1,18,0.75000000000000000,0.50000000000000000,0.00000000000000000,0.50000000000000000,0.75000000000000000,0.00918318740587711,0.01651443097597337,
veterancy,2026093300,1,18,0.75000000000000000,0.50000000000000000,0.20000000000000001,0.41999999999999998,0.71999999999999997,0.00935344059671581,0.01621383201033370,
veterancy,2026093300,1,18,0.75000000000000000,0.50000000000000000,0.40000000000000002,0.34000000000000002,0.69000000000000006,0.00953430245738446,0.01590626217614147,
veterancy,2026093300,1,18,0.75000000000000000,0.50000000000000000,0.59999999999999998,0.26000000000000001,0.66000000000000003,0.00972694017553113,0.01559124573782060,
veterancy,2026093300,2,18,0.62500000000000000,0.90000000000000002,0.00000000000000000,0.90000000000000002,0.75000000000000000,0.00918318740587711,0.01651443097597337,
veterancy,2026093300,2,18,0.62500000000000000,0.90000000000000002,0.20000000000000001,0.73999999999999999,0.70000000000000007,0.00947276792962441,0.01600958829356637,
veterancy,2026093300,2,18,0.62500000000000000,0.90000000000000002,0.40000000000000002,0.57999999999999996,0.65000000000000002,0.00979399787172133,0.01548449535522843,
veterancy,2026093300,2,18,0.62500000000000000,0.90000000000000002,0.59999999999999998,0.41999999999999998,0.59999999999999998,0.01015320028116787,0.01493668108124245,
veterancy,2026093300,0,19,0.93750000000000000,0.10000000000000001,0.00000000000000000,0.10000000000000001,0.75000000000000000,0.00553132920022858,0.01614860332035721,
veterancy,2026093300,0,19,0.93750000000000000,0.10000000000000001,0.20000000000000001,0.10000000000000001,0.75000000000000000,0.00553132920022858,0.01614860332035721,
veterancy,2026093300,0,19,0.93750000000000000,0.10000000000000001,0.40000000000000002,0.10000000000000001,0.75000000000000000,0.00553132920022858,0.01614860332035721,
veterancy,2026093300,0,19,0.93750000000000000,0.10000000000000001,0.59999999999999998,0.10000000000000001,0.75000000000000000,0.00553132920022858,0.01614860332035721,
veterancy,2026093300,1,19,0.75000000000000000,0.50000000000000000,0.00000000000000000,0.50000000000000000,0.75000000000000000,0.00553132920022858,0.01614860332035721,
veterancy,2026093300,1,19,0.75000000000000000,0.50000000000000000,0.20000000000000001,0.41999999999999998,0.71999999999999997,0.00563387817416276,0.01585466322265199,
veterancy,2026093300,1,19,0.75000000000000000,0.50000000000000000,0.40000000000000002,0.34000000000000002,0.69000000000000006,0.00574281709121931,0.01555390667506606,
veterancy,2026093300,1,19,0.75000000000000000,0.50000000000000000,0.59999999999999998,0.26000000000000001,0.66000000000000003,0.00585884898606764,0.01524586848051752,
veterancy,2026093300,2,19,0.62500000000000000,0.90000000000000002,0.00000000000000000,0.90000000000000002,0.75000000000000000,0.00553132920022858,0.01614860332035721,
veterancy,2026093300,2,19,0.62500000000000000,0.90000000000000002,0.20000000000000001,0.73999999999999999,0.70000000000000007,0.00570575286556686,0.01565494391245886,
veterancy,2026093300,2,19,0.62500000000000000,0.90000000000000002,0.40000000000000002,0.57999999999999996,0.65000000000000002,0.00589923999374753,0.01514148283227541,
veterancy,2026093300,2,19,0.62500000000000000,0.90000000000000002,0.59999999999999998,0.41999999999999998,0.59999999999999998,0.00611559916059764,0.01460580373944447,
veterancy,2026093300,0,20,0.93750000000000000,0.10000000000000001,0.00000000000000000,0.10000000000000001,0.75000000000000000,0.01049088013097776,0.02379235603920290,
veterancy,2026093300,0,20,0.93750000000000000,0.10000000000000001,0.20000000000000001,0.10000000000000001,0.75000000000000000,0.01049088013097776,0.02379235603920290,
veterancy,2026093300,0,20,0.93750000000000000,0.10000000000000001,0.40000000000000002,0.10000000000000001,0.75000000000000000,0.01049088013097776,0.02379235603920290,
veterancy,2026093300,0,20,0.93750000000000000,0.10000000000000001,0.59999999999999998,0.10000000000000001,0.75000000000000000,0.01049088013097776,0.02379235603920290,
veterancy,2026093300,1,20,0.75000000000000000,0.50000000000000000,0.00000000000000000,0.50000000000000000,0.75000000000000000,0.01049088013097776,0.02379235603920290,
veterancy,2026093300,1,20,0.75000000000000000,0.50000000000000000,0.20000000000000001,0.41999999999999998,0.71999999999999997,0.01068537750297537,0.02335928283032774,
veterancy,2026093300,1,20,0.75000000000000000,0.50000000000000000,0.40000000000000002,0.34000000000000002,0.69000000000000006,0.01089199422728677,0.02291616668465667,
veterancy,2026093300,1,20,0.75000000000000000,0.50000000000000000,0.59999999999999998,0.26000000000000001,0.66000000000000003,0.01111206369995034,0.02246232220950435,
veterancy,2026093300,2,20,0.62500000000000000,0.90000000000000002,0.00000000000000000,0.90000000000000002,0.75000000000000000,0.01049088013097776,0.02379235603920290,
veterancy,2026093300,2,20,0.62500000000000000,0.90000000000000002,0.20000000000000001,0.73999999999999999,0.70000000000000007,0.01082169713695043,0.02306502871795954,
veterancy,2026093300,2,20,0.62500000000000000,0.90000000000000002,0.40000000000000002,0.57999999999999996,0.65000000000000002,0.01118867046201433,0.02230852683419607,
veterancy,2026093300,2,20,0.62500000000000000,0.90000000000000002,0.59999999999999998,0.41999999999999998,0.59999999999999998,0.01159902356205566,0.02151929030106964,
veterancy,2026093300,0,21,0.93750000000000000,0.10000000000000001,0.00000000000000000,0.10000000000000001,0.75000000000000000,0.00825228757937009,0.00922109096334566,
veterancy,2026093300,0,21,0.93750000000000000,0.10000000000000001,0.20000000000000001,0.10000000000000001,0.75000000000000000,0.00825228757937009,0.00922109096334566,
veterancy,2026093300,0,21,0.93750000000000000,0.10000000000000001,0.40000000000000002,0.10000000000000001,0.75000000000000000,0.00825228757937009,0.00922109096334566,
veterancy,2026093300,0,21,0.93750000000000000,0.10000000000000001,0.59999999999999998,0.10000000000000001,0.75000000000000000,0.00825228757937009,0.00922109096334566,
veterancy,2026093300,1,21,0.75000000000000000,0.50000000000000000,0.00000000000000000,0.50000000000000000,0.75000000000000000,0.00825228757937009,0.00922109096334566,
veterancy,2026093300,1,21,0.75000000000000000,0.50000000000000000,0.20000000000000001,0.41999999999999998,0.71999999999999997,0.00840528220204408,0.00905324682692435,
veterancy,2026093300,1,21,0.75000000000000000,0.50000000000000000,0.40000000000000002,0.34000000000000002,0.69000000000000006,0.00856781009354961,0.00888151039696231,
veterancy,2026093300,1,21,0.75000000000000000,0.50000000000000000,0.59999999999999998,0.26000000000000001,0.66000000000000003,0.00874092012370784,0.00870561603905617,
veterancy,2026093300,2,21,0.62500000000000000,0.90000000000000002,0.00000000000000000,0.90000000000000002,0.75000000000000000,0.00825228757937009,0.00922109096334566,
veterancy,2026093300,2,21,0.62500000000000000,0.90000000000000002,0.20000000000000001,0.73999999999999999,0.70000000000000007,0.00851251332166714,0.00893920415153673,
veterancy,2026093300,2,21,0.62500000000000000,0.90000000000000002,0.40000000000000002,0.57999999999999996,0.65000000000000002,0.00880118018036501,0.00864601029244056,
veterancy,2026093300,2,21,0.62500000000000000,0.90000000000000002,0.59999999999999998,0.41999999999999998,0.59999999999999998,0.00912397023690448,0.00834012962002782,
veterancy,2026093300,0,22,0.93750000000000000,0.10000000000000001,0.00000000000000000,0.10000000000000001,0.75000000000000000,0.00752802681866387,0.01804981955005110,
veterancy,2026093300,0,22,0.93750000000000000,0.10000000000000001,0.20000000000000001,0.10000000000000001,0.75000000000000000,0.00752802681866387,0.01804981955005110,
veterancy,2026093300,0,22,0.93750000000000000,0.10000000000000001,0.40000000000000002,0.10000000000000001,0.75000000000000000,0.00752802681866387,0.01804981955005110,
veterancy,2026093300,0,22,0.93750000000000000,0.10000000000000001,0.59999999999999998,0.10000000000000001,0.75000000000000000,0.00752802681866387,0.01804981955005110,
veterancy,2026093300,1,22,0.75000000000000000,0.50000000000000000,0.00000000000000000,0.50000000000000000,0.75000000000000000,0.00752802681866387,0.01804981955005110,
veterancy,2026093300,1,22,0.75000000000000000,0.50000000000000000,0.20000000000000001,0.41999999999999998,0.71999999999999997,0.00766759389161461,0.01772127313542615,
veterancy,2026093300,1,22,0.75000000000000000,0.50000000000000000,0.40000000000000002,0.34000000000000002,0.69000000000000006,0.00781585754751211,0.01738510775290172,
veterancy,2026093300,1,22,0.75000000000000000,0.50000000000000000,0.59999999999999998,0.26000000000000001,0.66000000000000003,0.00797377460227744,0.01704080343655789,
veterancy,2026093300,2,22,0.62500000000000000,0.90000000000000002,0.00000000000000000,0.90000000000000002,0.75000000000000000,0.00752802681866387,0.01804981955005110,
veterancy,2026093300,2,22,0.62500000000000000,0.90000000000000002,0.20000000000000001,0.73999999999999999,0.70000000000000007,0.00776541388837973,0.01749804036178421,
veterancy,2026093300,2,22,0.62500000000000000,0.90000000000000002,0.40000000000000002,0.57999999999999996,0.65000000000000002,0.00802874594425339,0.01692412819988215,
veterancy,2026093300,2,22,0.62500000000000000,0.90000000000000002,0.59999999999999998,0.41999999999999998,0.59999999999999998,0.00832320638071485,0.01632538224207258,
veterancy,2026093300,0,23,0.93750000000000000,0.10000000000000001,0.00000000000000000,0.10000000000000001,0.75000000000000000,0.00917538119285950,0.01294937757548826,
veterancy,2026093300,0,23,0.93750000000000000,0.10000000000000001,0.20000000000000001,0.10000000000000001,0.75000000000000000,0.00917538119285950,0.01294937757548826,
veterancy,2026093300,0,23,0.93750000000000000,0.10000000000000001,0.40000000000000002,0.10000000000000001,0.75000000000000000,0.00917538119285950,0.01294937757548826,
veterancy,2026093300,0,23,0.93750000000000000,0.10000000000000001,0.59999999999999998,0.10000000000000001,0.75000000000000000,0.00917538119285950,0.01294937757548826,
veterancy,2026093300,1,23,0.75000000000000000,0.50000000000000000,0.00000000000000000,0.50000000000000000,0.75000000000000000,0.00917538119285950,0.01294937757548826,
veterancy,2026093300,1,23,0.75000000000000000,0.50000000000000000,0.20000000000000001,0.41999999999999998,0.71999999999999997,0.00934548965914712,0.01271367042272391,
veterancy,2026093300,1,23,0.75000000000000000,0.50000000000000000,0.40000000000000002,0.34000000000000002,0.69000000000000006,0.00952619777731343,0.01247249723791481,
veterancy,2026093300,1,23,0.75000000000000000,0.50000000000000000,0.59999999999999998,0.26000000000000001,0.66000000000000003,0.00971867174283307,0.01222548498492006,
veterancy,2026093300,2,23,0.62500000000000000,0.90000000000000002,0.00000000000000000,0.90000000000000002,0.75000000000000000,0.00917538119285950,0.01294937757548826,
veterancy,2026093300,2,23,0.62500000000000000,0.90000000000000002,0.20000000000000001,0.73999999999999999,0.70000000000000007,0.00946471555727737,0.01255351782590174,
veterancy,2026093300,2,23,0.62500000000000000,0.90000000000000002,0.40000000000000002,0.57999999999999996,0.65000000000000002,0.00978567243630312,0.01214177934513600,
veterancy,2026093300,2,23,0.62500000000000000,0.90000000000000002,0.59999999999999998,0.41999999999999998,0.59999999999999998,0.01014456950399847,0.01171222449789923,
veterancy,2026093300,0,24,0.93750000000000000,0.10000000000000001,0.00000000000000000,0.10000000000000001,0.75000000000000000,0.01060650895070785,0.00716088615591514,
veterancy,2026093300,0,24,0.93750000000000000,0.10000000000000001,0.20000000000000001,0.10000000000000001,0.75000000000000000,0.01060650895070785,0.00716088615591514,
veterancy,2026093300,0,24,0.93750000000000000,0.10000000000000001,0.40000000000000002,0.10000000000000001,0.75000000000000000,0.01060650895070785,0.00716088615591514,
veterancy,2026093300,0,24,0.93750000000000000,0.10000000000000001,0.59999999999999998,0.10000000000000001,0.75000000000000000,0.01060650895070785,0.00716088615591514,
veterancy,2026093300,1,24,0.75000000000000000,0.50000000000000000,0.00000000000000000,0.50000000000000000,0.75000000000000000,0.01060650895070785,0.00716088615591514,
veterancy,2026093300,1,24,0.75000000000000000,0.50000000000000000,0.20000000000000001,0.41999999999999998,0.71999999999999997,0.01080315004194392,0.00703054227820826,
veterancy,2026093300,1,24,0.75000000000000000,0.50000000000000000,0.40000000000000002,0.34000000000000002,0.69000000000000006,0.01101204406307602,0.00689717573528299,
veterancy,2026093300,1,24,0.75000000000000000,0.50000000000000000,0.59999999999999998,0.26000000000000001,0.66000000000000003,0.01123453910662260,0.00676058024159988,
veterancy,2026093300,2,24,0.62500000000000000,0.90000000000000002,0.00000000000000000,0.90000000000000002,0.75000000000000000,0.01060650895070785,0.00716088615591514,
veterancy,2026093300,2,24,0.62500000000000000,0.90000000000000002,0.20000000000000001,0.73999999999999999,0.70000000000000007,0.01094097216934051,0.00694197937186527,
veterancy,2026093300,2,24,0.62500000000000000,0.90000000000000002,0.40000000000000002,0.57999999999999996,0.65000000000000002,0.01131199021628845,0.00671429179618178,
veterancy,2026093300,2,24,0.62500000000000000,0.90000000000000002,0.59999999999999998,0.41999999999999998,0.59999999999999998,0.01172686616322517,0.00647675193445082,
veterancy,2026093300,0,25,0.93750000000000000,0.10000000000000001,0.00000000000000000,0.10000000000000001,0.75000000000000000,0.01774386857546995,0.00762613535722369,
veterancy,2026093300,0,25,0.93750000000000000,0.10000000000000001,0.20000000000000001,0.10000000000000001,0.75000000000000000,0.01774386857546995,0.00762613535722369,
veterancy,2026093300,0,25,0.93750000000000000,0.10000000000000001,0.40000000000000002,0.10000000000000001,0.75000000000000000,0.01774386857546995,0.00762613535722369,
veterancy,2026093300,0,25,0.93750000000000000,0.10000000000000001,0.59999999999999998,0.10000000000000001,0.75000000000000000,0.01774386857546995,0.00762613535722369,
veterancy,2026093300,1,25,0.75000000000000000,0.50000000000000000,0.00000000000000000,0.50000000000000000,0.75000000000000000,0.01774386857546995,0.00762613535722369,
veterancy,2026093300,1,25,0.75000000000000000,0.50000000000000000,0.20000000000000001,0.41999999999999998,0.71999999999999997,0.01807283390191662,0.00748732292078284,
veterancy,2026093300,1,25,0.75000000000000000,0.50000000000000000,0.40000000000000002,0.34000000000000002,0.69000000000000006,0.01842229743175437,0.00734529143385100,
veterancy,2026093300,1,25,0.75000000000000000,0.50000000000000000,0.59999999999999998,0.26000000000000001,0.66000000000000003,0.01879451441942967,0.00719982120833254,
veterancy,2026093300,2,25,0.62500000000000000,0.90000000000000002,0.00000000000000000,0.90000000000000002,0.75000000000000000,0.01774386857546995,0.00762613535722369,
veterancy,2026093300,2,25,0.62500000000000000,0.90000000000000002,0.20000000000000001,0.73999999999999999,0.70000000000000007,0.01830339965419966,0.00739300600291881,
veterancy,2026093300,2,25,0.62500000000000000,0.90000000000000002,0.40000000000000002,0.57999999999999996,0.65000000000000002,0.01892408413151145,0.00715052536106612,
veterancy,2026093300,2,25,0.62500000000000000,0.90000000000000002,0.59999999999999998,0.41999999999999998,0.59999999999999998,0.01961813948108784,0.00689755232129778,
veterancy,2026093300,0,26,0.93750000000000000,0.10000000000000001,0.00000000000000000,0.10000000000000001,0.75000000000000000,0.00877839370286449,0.01351747745829346,
veterancy,2026093300,0,26,0.93750000000000000,0.10000000000000001,0.20000000000000001,0.10000000000000001,0.75000000000000000,0.00877839370286449,0.01351747745829346,
veterancy,2026093300,0,26,0.93750000000000000,0.10000000000000001,0.40000000000000002,0.10000000000000001,0.75000000000000000,0.00877839370286449,0.01351747745829346,
veterancy,2026093300,0,26,0.93750000000000000,0.10000000000000001,0.59999999999999998,0.10000000000000001,0.75000000000000000,0.00877839370286449,0.01351747745829346,
veterancy,2026093300,1,26,0.75000000000000000,0.50000000000000000,0.00000000000000000,0.50000000000000000,0.75000000000000000,0.00877839370286449,0.01351747745829346,
veterancy,2026093300,1,26,0.75000000000000000,0.50000000000000000,0.20000000000000001,0.41999999999999998,0.71999999999999997,0.00894114215525849,0.01327142963818198,
veterancy,2026093300,1,26,0.75000000000000000,0.50000000000000000,0.40000000000000002,0.34000000000000002,0.69000000000000006,0.00911403164870012,0.01301967598668807,
veterancy,2026093300,1,26,0.75000000000000000,0.50000000000000000,0.59999999999999998,0.26000000000000001,0.66000000000000003,0.00929817792135827,0.01276182710226760,
veterancy,2026093300,2,26,0.62500000000000000,0.90000000000000002,0.00000000000000000,0.90000000000000002,0.75000000000000000,0.00877839370286449,0.01351747745829346,
veterancy,2026093300,2,26,0.62500000000000000,0.90000000000000002,0.20000000000000001,0.73999999999999999,0.70000000000000007,0.00905520955489737,0.01310425101474539,
veterancy,2026093300,2,26,0.62500000000000000,0.90000000000000002,0.40000000000000002,0.57999999999999996,0.65000000000000002,0.00936227972304732,0.01267444922697462,
veterancy,2026093300,2,26,0.62500000000000000,0.90000000000000002,0.59999999999999998,0.41999999999999998,0.59999999999999998,0.00970564853713916,0.01222604945402998,
veterancy,2026093300,0,27,0.93750000000000000,0.10000000000000001,0.00000000000000000,0.10000000000000001,0.75000000000000000,0.01336421132673229,0.00951488564898591,
veterancy,2026093300,0,27,0.93750000000000000,0.10000000000000001,0.20000000000000001,0.10000000000000001,0.75000000000000000,0.01336421132673229,0.00951488564898591,
veterancy,2026093300,0,27,0.93750000000000000,0.10000000000000001,0.40000000000000002,0.10000000000000001,0.75000000000000000,0.01336421132673229,0.00951488564898591,
veterancy,2026093300,0,27,0.93750000000000000,0.10000000000000001,0.59999999999999998,0.10000000000000001,0.75000000000000000,0.01336421132673229,0.00951488564898591,
veterancy,2026093300,1,27,0.75000000000000000,0.50000000000000000,0.00000000000000000,0.50000000000000000,0.75000000000000000,0.01336421132673229,0.00951488564898591,
veterancy,2026093300,1,27,0.75000000000000000,0.50000000000000000,0.20000000000000001,0.41999999999999998,0.71999999999999997,0.01361197928799174,0.00934169380311334,
veterancy,2026093300,1,27,0.75000000000000000,0.50000000000000000,0.40000000000000002,0.34000000000000002,0.69000000000000006,0.01387518595252902,0.00916448565069959,
veterancy,2026093300,1,27,0.75000000000000000,0.50000000000000000,0.59999999999999998,0.26000000000000001,0.66000000000000003,0.01415552991819448,0.00898298709392009,
veterancy,2026093300,2,27,0.62500000000000000,0.90000000000000002,0.00000000000000000,0.90000000000000002,0.75000000000000000,0.01336421132673229,0.00951488564898591,
veterancy,2026093300,2,27,0.62500000000000000,0.90000000000000002,0.20000000000000001,0.73999999999999999,0.70000000000000007,0.01378563529908729,0.00922401759541401,
veterancy,2026093300,2,27,0.62500000000000000,0.90000000000000002,0.40000000000000002,0.57999999999999996,0.65000000000000002,0.01425311838975233,0.00892148223887375,
veterancy,2026093300,2,27,0.62500000000000000,0.90000000000000002,0.59999999999999998,0.41999999999999998,0.59999999999999998,0.01477586247595525,0.00860585585238539,
veterancy,2026093300,0,28,0.93750000000000000,0.10000000000000001,0.00000000000000000,0.10000000000000001,0.75000000000000000,0.00636523263441109,0.00757452520316531,
veterancy,2026093300,0,28,0.93750000000000000,0.10000000000000001,0.20000000000000001,0.10000000000000001,0.75000000000000000,0.00636523263441109,0.00757452520316531,
veterancy,2026093300,0,28,0.93750000000000000,0.10000000000000001,0.40000000000000002,0.10000000000000001,0.75000000000000000,0.00636523263441109,0.00757452520316531,
veterancy,2026093300,0,28,0.93750000000000000,0.10000000000000001,0.59999999999999998,0.10000000000000001,0.75000000000000000,0.00636523263441109,0.00757452520316531,
veterancy,2026093300,1,28,0.75000000000000000,0.50000000000000000,0.00000000000000000,0.50000000000000000,0.75000000000000000,0.00636523263441109,0.00757452520316531,
veterancy,2026093300,1,28,0.75000000000000000,0.50000000000000000,0.20000000000000001,0.41999999999999998,0.71999999999999997,0.00648324189617836,0.00743665218503986,
veterancy,2026093300,1,28,0.75000000000000000,0.50000000000000000,0.40000000000000002,0.34000000000000002,0.69000000000000006,0.00660860444917512,0.00729558190146702,
veterancy,2026093300,1,28,0.75000000000000000,0.50000000000000000,0.59999999999999998,0.26000000000000001,0.66000000000000003,0.00674212931760815,0.00715109615109850,
veterancy,2026093300,2,28,0.62500000000000000,0.90000000000000002,0.00000000000000000,0.90000000000000002,0.75000000000000000,0.00636523263441109,0.00757452520316531,
veterancy,2026093300,2,28,0.62500000000000000,0.90000000000000002,0.20000000000000001,0.73999999999999999,0.70000000000000007,0.00656595241922855,0.00734297356041782,
veterancy,2026093300,2,28,0.62500000000000000,0.90000000000000002,0.40000000000000002,0.57999999999999996,0.65000000000000002,0.00678860967538731,0.00710213391530806,
veterancy,2026093300,2,28,0.62500000000000000,0.90000000000000002,0.59999999999999998,0.41999999999999998,0.59999999999999998,0.00703758715977415,0.00685087287997487,
veterancy,2026093300,0,29,0.93750000000000000,0.10000000000000001,0.00000000000000000,0.10000000000000001,0.75000000000000000,0.01617336030435274,0.01559277275722775,
veterancy,2026093300,0,29,0.93750000000000000,0.10000000000000001,0.20000000000000001,0.10000000000000001,0.75000000000000000,0.01617336030435274,0.01559277275722775,
veterancy,2026093300,0,29,0.93750000000000000,0.10000000000000001,0.40000000000000002,0.10000000000000001,0.75000000000000000,0.01617336030435274,0.01559277275722775,
veterancy,2026093300,0,29,0.93750000000000000,0.10000000000000001,0.59999999999999998,0.10000000000000001,0.75000000000000000,0.01617336030435274,0.01559277275722775,
veterancy,2026093300,1,29,0.75000000000000000,0.50000000000000000,0.00000000000000000,0.50000000000000000,0.75000000000000000,0.01617336030435274,0.01559277275722775,
veterancy,2026093300,1,29,0.75000000000000000,0.50000000000000000,0.20000000000000001,0.41999999999999998,0.71999999999999997,0.01647320893824178,0.01530894999826648,
veterancy,2026093300,1,29,0.75000000000000000,0.50000000000000000,0.40000000000000002,0.34000000000000002,0.69000000000000006,0.01679174148131472,0.01501854540978763,
veterancy,2026093300,1,29,0.75000000000000000,0.50000000000000000,0.59999999999999998,0.26000000000000001,0.66000000000000003,0.01713101357564233,0.01472110980666730,
veterancy,2026093300,2,29,0.62500000000000000,0.90000000000000002,0.00000000000000000,0.90000000000000002,0.75000000000000000,0.01617336030435274,0.01559277275722775,
veterancy,2026093300,2,29,0.62500000000000000,0.90000000000000002,0.20000000000000001,0.73999999999999999,0.70000000000000007,0.01668336733575575,0.01511610497276854,
veterancy,2026093300,2,29,0.62500000000000000,0.90000000000000002,0.40000000000000002,0.57999999999999996,0.65000000000000002,0.01724911508372759,0.01462031708423399,
veterancy,2026093300,2,29,0.62500000000000000,0.90000000000000002,0.59999999999999998,0.41999999999999998,0.59999999999999998,0.01788173965441342,0.01410307592104425,
veterancy,2026093300,0,30,0.93750000000000000,0.10000000000000001,0.00000000000000000,0.10000000000000001,0.75000000000000000,0.00961844139633422,0.01281015289965023,
veterancy,2026093300,0,30,0.93750000000000000,0.10000000000000001,0.20000000000000001,0.10000000000000001,0.75000000000000000,0.00961844139633422,0.01281015289965023,
veterancy,2026093300,0,30,0.93750000000000000,0.10000000000000001,0.40000000000000002,0.10000000000000001,0.75000000000000000,0.00961844139633422,0.01281015289965023,
veterancy,2026093300,0,30,0.93750000000000000,0.10000000000000001,0.59999999999999998,0.10000000000000001,0.75000000000000000,0.00961844139633422,0.01281015289965023,
veterancy,2026093300,1,30,0.75000000000000000,0.50000000000000000,0.00000000000000000,0.50000000000000000,0.75000000000000000,0.00961844139633422,0.01281015289965023,
veterancy,2026093300,1,30,0.75000000000000000,0.50000000000000000,0.20000000000000001,0.41999999999999998,0.71999999999999997,0.00979676404905206,0.01257697994219734,
veterancy,2026093300,1,30,0.75000000000000000,0.50000000000000000,0.40000000000000002,0.34000000000000002,0.69000000000000006,0.00998619818894110,0.01233839972050782,
veterancy,2026093300,1,30,0.75000000000000000,0.50000000000000000,0.59999999999999998,0.26000000000000001,0.66000000000000003,0.01018796632464660,0.01209404320912313,
veterancy,2026093300,2,30,0.62500000000000000,0.90000000000000002,0.00000000000000000,0.90000000000000002,0.75000000000000000,0.00961844139633422,0.01281015289965023,
veterancy,2026093300,2,30,0.62500000000000000,0.90000000000000002,0.20000000000000001,0.73999999999999999,0.70000000000000007,0.00992174711950838,0.01241854921912909,
veterancy,2026093300,2,30,0.62500000000000000,0.90000000000000002,0.40000000000000002,0.57999999999999996,0.65000000000000002,0.01025820234319565,0.01201123752692365,
veterancy,2026093300,2,30,0.62500000000000000,0.90000000000000002,0.59999999999999998,0.41999999999999998,0.59999999999999998,0.01063442980888715,0.01158630102014467,
veterancy,2026093300,0,31,0.93750000000000000,0.10000000000000001,0.00000000000000000,0.10000000000000001,0.75000000000000000,0.01122722438056803,0.01834710646237704,
veterancy,2026093300,0,31,0.93750000000000000,0.10000000000000001,0.20000000000000001,0.10000000000000001,0.75000000000000000,0.01122722438056803,0.01834710646237704,
veterancy,2026093300,0,31,0.93750000000000000,0.10000000000000001,0.40000000000000002,0.10000000000000001,0.75000000000000000,0.01122722438056803,0.01834710646237704,
veterancy,2026093300,0,31,0.93750000000000000,0.10000000000000001,0.59999999999999998,0.10000000000000001,0.75000000000000000,0.01122722438056803,0.01834710646237704,
veterancy,2026093300,1,31,0.75000000000000000,0.50000000000000000,0.00000000000000000,0.50000000000000000,0.75000000000000000,0.01122722438056803,0.01834710646237704,
veterancy,2026093300,1,31,0.75000000000000000,0.50000000000000000,0.20000000000000001,0.41999999999999998,0.71999999999999997,0.01143537332608889,0.01801314877209427,
veterancy,2026093300,1,31,0.75000000000000000,0.50000000000000000,0.40000000000000002,0.34000000000000002,0.69000000000000006,0.01165649226898597,0.01767144662681585,
veterancy,2026093300,1,31,0.75000000000000000,0.50000000000000000,0.59999999999999998,0.26000000000000001,0.66000000000000003,0.01189200819501502,0.01732147149659909,
veterancy,2026093300,2,31,0.62500000000000000,0.90000000000000002,0.00000000000000000,0.90000000000000002,0.75000000000000000,0.01122722438056803,0.01834710646237704,
veterancy,2026093300,2,31,0.62500000000000000,0.90000000000000002,0.20000000000000001,0.73999999999999999,0.70000000000000007,0.01158126109708678,0.01778623927571164,
veterancy,2026093300,2,31,0.62500000000000000,0.90000000000000002,0.40000000000000002,0.57999999999999996,0.65000000000000002,0.01197399190810893,0.01720287457750658,
veterancy,2026093300,2,31,0.62500000000000000,0.90000000000000002,0.59999999999999998,0.41999999999999998,0.59999999999999998,0.01241314727657243,0.01659426706199156,
