cell_id_normal,scenario,mode_normal,seed,source_cell_id_normal,source_structure_normal,source_capacity_normal,source_intensity_normal,delta_capability_h7_normal,delta_q_h7_normal,bottleneck_on_h7_normal,bottleneck_off_h7_normal,logistics_demand_on_h7_normal,logistics_demand_off_h7_normal,logistics_indigenous_on_h7_normal,logistics_indigenous_off_h7_normal,delta_capability_h30_normal,delta_q_h30_normal,bottleneck_on_h30_normal,bottleneck_off_h30_normal,logistics_demand_on_h30_normal,logistics_demand_off_h30_normal,logistics_indigenous_on_h30_normal,logistics_indigenous_off_h30_normal,delta_capability_h90_normal,delta_q_h90_normal,bottleneck_on_h90_normal,bottleneck_off_h90_normal,logistics_demand_on_h90_normal,logistics_demand_off_h90_normal,logistics_indigenous_on_h90_normal,logistics_indigenous_off_h90_normal,delta_capability_h180_normal,delta_q_h180_normal,bottleneck_on_h180_normal,bottleneck_off_h180_normal,logistics_demand_on_h180_normal,logistics_demand_off_h180_normal,logistics_indigenous_on_h180_normal,logistics_indigenous_off_h180_normal,delta_capability_h360_normal,delta_q_h360_normal,bottleneck_on_h360_normal,bottleneck_off_h360_normal,logistics_demand_on_h360_normal,logistics_demand_off_h360_normal,logistics_indigenous_on_h360_normal,logistics_indigenous_off_h360_normal,cell_id_clamp,mode_clamp,source_cell_id_clamp,source_structure_clamp,source_capacity_clamp,source_intensity_clamp,delta_capability_h7_clamp,delta_q_h7_clamp,bottleneck_on_h7_clamp,bottleneck_off_h7_clamp,logistics_demand_on_h7_clamp,logistics_demand_off_h7_clamp,logistics_indigenous_on_h7_clamp,logistics_indigenous_off_h7_clamp,delta_capability_h30_clamp,delta_q_h30_clamp,bottleneck_on_h30_clamp,bottleneck_off_h30_clamp,logistics_demand_on_h30_clamp,logistics_demand_off_h30_clamp,logistics_indigenous_on_h30_clamp,logistics_indigenous_off_h30_clamp,delta_capability_h90_clamp,delta_q_h90_clamp,bottleneck_on_h90_clamp,bottleneck_off_h90_clamp,logistics_demand_on_h90_clamp,logistics_demand_off_h90_clamp,logistics_indigenous_on_h90_clamp,logistics_indigenous_off_h90_clamp,delta_capability_h180_clamp,delta_q_h180_clamp,bottleneck_on_h180_clamp,bottleneck_off_h180_clamp,logistics_demand_on_h180_clamp,logistics_demand_off_h180_clamp,logistics_indigenous_on_h180_clamp,logistics_indigenous_off_h180_clamp,delta_capability_h360_clamp,delta_q_h360_clamp,bottleneck_on_h360_clamp,bottleneck_off_h360_clamp,logistics_demand_on_h360_clamp,logistics_demand_off_h360_clamp,logistics_indigenous_on_h360_clamp,logistics_indigenous_off_h360_clamp,attenuation_q_h7,change_capability_effect_h7,attenuation_q_h30,change_capability_effect_h30,attenuation_q_h90,change_capability_effect_h90,attenuation_q_h180,change_capability_effect_h180,attenuation_q_h360,change_capability_effect_h360
ablation_m1_normal,M1,normal,2026240000,phase_054,logistics_constrained,0.4,1.0,0.05236491600000004,0.0,logistics,logistics,288134.242510529,288134.242510529,235852.113128862,235852.113128862,0.163023668,0.0,logistics,logistics,288134.242510529,288134.242510529,235852.113128862,235852.113128862,0.26202767800000004,0.0,logistics,logistics,288134.242510529,288134.242510529,235852.113128862,235852.113128862,0.686940273,0.0,logistics,logistics,288134.242510529,288134.242510529,235852.113128862,235852.113128862,0.0,0.0,logistics,logistics,288134.242510529,288134.242510529,235852.113128862,235852.113128862,ablation_m1_demand_clamped,demand_clamped,phase_054,logistics_constrained,0.4,1.0,0.040405692000000104,0.0,logistics,logistics,288134.242510529,288134.242510529,235852.113128862,235852.113128862,0.048169079000000004,0.0,logistics,logistics,288134.242510529,288134.242510529,235852.113128862,235852.113128862,-0.524243154,0.0,logistics,logistics,288134.242510529,288134.242510529,235852.113128862,235852.113128862,0.0,0.0,logistics,logistics,288134.242510529,288134.242510529,235852.113128862,235852.113128862,0.0,0.0,logistics,logistics,288134.242510529,288134.242510529,235852.113128862,235852.113128862,0.0,-0.011959223999999935,0.0,-0.114854589,0.0,-0.786270832,0.0,-0.686940273,0.0,0.0
ablation_m1_normal,M1,normal,2026240010,phase_054,logistics_constrained,0.4,1.0,0.02435560400000003,0.0,logistics,logistics,280324.234501324,280324.234501324,221794.450887748,221794.450887748,0.08927310399999999,0.0,logistics,logistics,280324.234501324,280324.234501324,221794.450887748,221794.450887748,0.13259453799999998,0.0,logistics,logistics,280324.234501324,280324.234501324,221794.450887748,221794.450887748,0.174902826,0.0,logistics,logistics,280324.234501324,280324.234501324,221794.450887748,221794.450887748,0.440772513,0.0,logistics,logistics,280324.234501324,280324.234501324,221794.450887748,221794.450887748,ablation_m1_demand_clamped,demand_clamped,phase_054,logistics_constrained,0.4,1.0,0.03253766700000005,0.0,logistics,logistics,280324.234501324,280324.234501324,221794.450887748,221794.450887748,0.037415368999999976,0.0,logistics,logistics,280324.234501324,280324.234501324,221794.450887748,221794.450887748,0.041076942000000005,0.0,logistics,logistics,280324.234501324,280324.234501324,221794.450887748,221794.450887748,0.062061544999999996,0.0,logistics,logistics,280324.234501324,280324.234501324,221794.450887748,221794.450887748,0.0,0.0,logistics,logistics,280324.234501324,280324.234501324,221794.450887748,221794.450887748,0.0,0.008182063000000017,0.0,-0.051857735000000016,0.0,-0.09151759599999998,0.0,-0.11284128100000002,0.0,-0.440772513
ablation_m1_normal,M1,normal,2026240011,phase_054,logistics_constrained,0.4,1.0,0.810431125,0.0,forcegen,forcegen,330423.045026448,330423.045026448,244951.231906721,244951.231906721,0.468730511,0.0,forcegen,forcegen,330423.045026448,330423.045026448,244951.231906721,244951.231906721,0.0,0.0,forcegen,forcegen,330423.045026448,330423.045026448,244951.231906721,244951.231906721,0.0,0.0,forcegen,forcegen,330423.045026448,330423.045026448,244951.231906721,244951.231906721,0.0,0.0,forcegen,forcegen,330423.045026448,330423.045026448,244951.231906721,244951.231906721,ablation_m1_demand_clamped,demand_clamped,phase_054,logistics_constrained,0.4,1.0,0.901333063,0.0,forcegen,forcegen,330423.045026448,330423.045026448,244951.231906721,244951.231906721,0.0,0.0,forcegen,forcegen,330423.045026448,330423.045026448,244951.231906721,244951.231906721,0.0,0.0,forcegen,forcegen,330423.045026448,330423.045026448,244951.231906721,244951.231906721,0.0,0.0,forcegen,forcegen,330423.045026448,330423.045026448,244951.231906721,244951.231906721,0.0,0.0,forcegen,forcegen,330423.045026448,330423.045026448,244951.231906721,244951.231906721,0.0,0.09090193800000002,0.0,-0.468730511,0.0,0.0,0.0,0.0,0.0,0.0
ablation_m1_normal,M1,normal,2026240001,phase_054,logistics_constrained,0.4,1.0,0.133326913,0.0,logistics,logistics,284604.997193672,284604.997193672,226289.944903805,226289.944903805,0.823496735,0.0,logistics,logistics,284604.997193672,284604.997193672,226289.944903805,226289.944903805,0.746524595,0.0,logistics,logistics,284604.997193672,284604.997193672,226289.944903805,226289.944903805,0.578289689,0.0,logistics,logistics,284604.997193672,284604.997193672,226289.944903805,226289.944903805,0.0,0.0,logistics,logistics,284604.997193672,284604.997193672,226289.944903805,226289.944903805,ablation_m1_demand_clamped,demand_clamped,phase_054,logistics_constrained,0.4,1.0,0.15896799699999997,0.0,logistics,logistics,284604.997193672,284604.997193672,226289.944903805,226289.944903805,0.0,0.0,logistics,logistics,284604.997193672,284604.997193672,226289.944903805,226289.944903805,0.0,0.0,logistics,logistics,284604.997193672,284604.997193672,226289.944903805,226289.944903805,0.52194807,0.0,logistics,logistics,284604.997193672,284604.997193672,226289.944903805,226289.944903805,0.673530249,0.0,logistics,logistics,284604.997193672,284604.997193672,226289.944903805,226289.944903805,0.0,0.02564108399999998,0.0,-0.823496735,0.0,-0.746524595,0.0,-0.05634161900000001,0.0,0.673530249
ablation_m2_normal,M2,normal,2026240000,phase_110,balanced_capacity,0.4,1.0,0.08858834900000001,0.0,forcegen,forcegen,292690.842154584,292690.842154584,221395.636635051,221395.636635051,0.387555554,0.0,forcegen,forcegen,292690.842154584,292690.842154584,221395.636635051,221395.636635051,0.824630712,0.0,forcegen,forcegen,292690.842154584,292690.842154584,221395.636635051,221395.636635051,0.748862979,0.0,forcegen,forcegen,292690.842154584,292690.842154584,221395.636635051,221395.636635051,0.0,0.0,forcegen,forcegen,292690.842154584,292690.842154584,221395.636635051,221395.636635051,ablation_m2_demand_clamped,demand_clamped,phase_110,balanced_capacity,0.4,1.0,0.05548799000000004,0.0,forcegen,forcegen,292690.842154584,292690.842154584,221395.636635051,221395.636635051,-0.480305174,0.0,forcegen,forcegen,292690.842154584,292690.842154584,221395.636635051,221395.636635051,0.0,0.0,forcegen,forcegen,292690.842154584,292690.842154584,221395.636635051,221395.636635051,0.0,0.0,forcegen,forcegen,292690.842154584,292690.842154584,221395.636635051,221395.636635051,0.397316441,0.0,forcegen,forcegen,292690.842154584,292690.842154584,221395.636635051,221395.636635051,0.0,-0.03310035899999997,0.0,-0.867860728,0.0,-0.824630712,0.0,-0.748862979,0.0,0.397316441
ablation_m2_normal,M2,normal,2026240001,phase_110,balanced_capacity,0.4,1.0,0.036137920999999906,0.0,logistics,logistics,299645.083002328,299645.083002328,233190.323129943,233190.323129943,0.09129859699999998,0.0,logistics,logistics,299645.083002328,299645.083002328,233190.323129943,233190.323129943,0.108378961,0.0,logistics,logistics,299645.083002328,299645.083002328,233190.323129943,233190.323129943,0.11360457899999998,0.0,logistics,logistics,299645.083002328,299645.083002328,233190.323129943,233190.323129943,0.12806410099999999,0.0,logistics,logistics,299645.083002328,299645.083002328,233190.323129943,233190.323129943,ablation_m2_demand_clamped,demand_clamped,phase_110,balanced_capacity,0.4,1.0,0.02740788499999991,0.0,logistics,logistics,299645.083002328,299645.083002328,233190.323129943,233190.323129943,0.0368931549999999,0.0,logistics,logistics,299645.083002328,299645.083002328,233190.323129943,233190.323129943,-0.761014293,0.0,logistics,logistics,299645.083002328,299645.083002328,233190.323129943,233190.323129943,-0.73654969,0.0,logistics,logistics,299645.083002328,299645.083002328,233190.323129943,233190.323129943,-0.682376657,0.0,logistics,logistics,299645.083002328,299645.083002328,233190.323129943,233190.323129943,0.0,-0.008730035999999997,0.0,-0.05440544200000008,0.0,-0.869393254,0.0,-0.850154269,0.0,-0.810440758
ablation_m2_normal,M2,normal,2026240002,phase_110,balanced_capacity,0.4,1.0,0.0,0.0,logistics,logistics,311313.275198868,311313.275198868,257075.503614127,257075.503614127,0.0,0.0,logistics,logistics,311313.275198868,311313.275198868,257075.503614127,257075.503614127,0.0,0.0,logistics,logistics,311313.275198868,311313.275198868,257075.503614127,257075.503614127,0.0,0.0,logistics,logistics,311313.275198868,311313.275198868,257075.503614127,257075.503614127,0.0,0.0,logistics,logistics,311313.275198868,311313.275198868,257075.503614127,257075.503614127,ablation_m2_demand_clamped,demand_clamped,phase_110,balanced_capacity,0.4,1.0,0.0,0.0,logistics,logistics,311313.275198868,311313.275198868,257075.503614127,257075.503614127,0.0,0.0,logistics,logistics,311313.275198868,311313.275198868,257075.503614127,257075.503614127,0.0,0.0,logistics,logistics,311313.275198868,311313.275198868,257075.503614127,257075.503614127,0.0,0.0,logistics,logistics,311313.275198868,311313.275198868,257075.503614127,257075.503614127,0.0,0.0,logistics,logistics,311313.275198868,311313.275198868,257075.503614127,257075.503614127,0.0,0.0,0.0,0.0,0.0,0.0,0.0,0.0,0.0,0.0
ablation_m2_normal,M2,normal,2026240003,phase_110,balanced_capacity,0.4,1.0,0.04317587099999998,0.0,forcegen,forcegen,292091.359148867,292091.359148867,224732.424438441,224732.424438441,0.12292493699999996,0.0,forcegen,forcegen,292091.359148867,292091.359148867,224732.424438441,224732.424438441,0.15409361599999993,0.0,forcegen,forcegen,292091.359148867,292091.359148867,224732.424438441,224732.424438441,0.169178147,0.0,forcegen,forcegen,292091.359148867,292091.359148867,224732.424438441,224732.424438441,0.22456790199999999,0.0,forcegen,forcegen,292091.359148867,292091.359148867,224732.424438441,224732.424438441,ablation_m2_demand_clamped,demand_clamped,phase_110,balanced_capacity,0.4,1.0,0.030835356999999952,0.0,forcegen,forcegen,292091.359148867,292091.359148867,224732.424438441,224732.424438441,-0.13556605900000007,0.0,forcegen,forcegen,292091.359148867,292091.359148867,224732.424438441,224732.424438441,-0.679027813,0.0,forcegen,forcegen,292091.359148867,292091.359148867,224732.424438441,224732.424438441,-0.642146826,0.0,forcegen,forcegen,292091.359148867,292091.359148867,224732.424438441,224732.424438441,-0.540197169,0.0,forcegen,forcegen,292091.359148867,292091.359148867,224732.424438441,224732.424438441,0.0,-0.012340514000000025,0.0,-0.25849099600000003,0.0,-0.833121429,0.0,-0.811324973,0.0,-0.764765071
ablation_m2_normal,M2,normal,2026240004,phase_110,balanced_capacity,0.4,1.0,0.0,0.0,forcegen,forcegen,277154.083716443,277154.083716443,196354.591067104,196354.591067104,0.0,0.0,forcegen,forcegen,277154.083716443,277154.083716443,196354.591067104,196354.591067104,0.0,0.0,forcegen,forcegen,277154.083716443,277154.083716443,196354.591067104,196354.591067104,0.0,0.0,forcegen,forcegen,277154.083716443,277154.083716443,196354.591067104,196354.591067104,0.0,0.0,forcegen,forcegen,277154.083716443,277154.083716443,196354.591067104,196354.591067104,ablation_m2_demand_clamped,demand_clamped,phase_110,balanced_capacity,0.4,1.0,0.0,0.0,forcegen,forcegen,277154.083716443,277154.083716443,196354.591067104,196354.591067104,0.0,0.0,forcegen,forcegen,277154.083716443,277154.083716443,196354.591067104,196354.591067104,0.0,0.0,forcegen,forcegen,277154.083716443,277154.083716443,196354.591067104,196354.591067104,0.0,0.0,forcegen,forcegen,277154.083716443,277154.083716443,196354.591067104,196354.591067104,0.0,0.0,forcegen,forcegen,277154.083716443,277154.083716443,196354.591067104,196354.591067104,0.0,0.0,0.0,0.0,0.0,0.0,0.0,0.0,0.0,0.0
ablation_m2_normal,M2,normal,2026240005,phase_110,balanced_capacity,0.4,1.0,0.03891157199999995,0.0,forcegen,forcegen,340820.582345974,340820.582345974,257992.808821493,257992.808821493,0.10065684799999997,0.0,forcegen,forcegen,340820.582345974,340820.582345974,257992.808821493,257992.808821493,0.11980601700000004,0.0,forcegen,forcegen,340820.582345974,340820.582345974,257992.808821493,257992.808821493,0.126059197,0.0,forcegen,forcegen,340820.582345974,340820.582345974,257992.808821493,257992.808821493,0.14360182499999996,0.0,forcegen,forcegen,340820.582345974,340820.582345974,257992.808821493,257992.808821493,ablation_m2_demand_clamped,demand_clamped,phase_110,balanced_capacity,0.4,1.0,0.032499532,0.0,forcegen,forcegen,340820.582345974,340820.582345974,257992.808821493,257992.808821493,-0.009372627000000078,0.0,forcegen,forcegen,340820.582345974,340820.582345974,257992.808821493,257992.808821493,-0.504487504,0.0,forcegen,forcegen,340820.582345974,340820.582345974,257992.808821493,257992.808821493,-0.721910315,0.0,forcegen,forcegen,340820.582345974,340820.582345974,257992.808821493,257992.808821493,-0.1264336060000001,0.0,forcegen,forcegen,340820.582345974,340820.582345974,257992.808821493,257992.808821493,0.0,-0.006412039999999952,0.0,-0.11002947500000004,0.0,-0.624293521,0.0,-0.847969512,0.0,-0.27003543100000005
ablation_m1_normal,M1,normal,2026240002,phase_054,logistics_constrained,0.4,1.0,0.03331608899999994,0.0,logistics,logistics,322952.352937391,322952.352937391,256835.54638312,256835.54638312,0.08926472400000007,0.0,logistics,logistics,322952.352937391,322952.352937391,256835.54638312,256835.54638312,0.10599074200000003,0.0,logistics,logistics,322952.352937391,322952.352937391,256835.54638312,256835.54638312,0.10782716199999998,0.0,logistics,logistics,322952.352937391,322952.352937391,256835.54638312,256835.54638312,0.11323552199999998,0.0,logistics,logistics,322952.352937391,322952.352937391,256835.54638312,256835.54638312,ablation_m1_demand_clamped,demand_clamped,phase_054,logistics_constrained,0.4,1.0,0.026345789999999925,0.0,logistics,logistics,322952.352937391,322952.352937391,256835.54638312,256835.54638312,-0.04333551999999996,0.0,logistics,logistics,322952.352937391,322952.352937391,256835.54638312,256835.54638312,-0.733619391,0.0,logistics,logistics,322952.352937391,322952.352937391,256835.54638312,256835.54638312,-0.712887389,0.0,logistics,logistics,322952.352937391,322952.352937391,256835.54638312,256835.54638312,-0.66922779,0.0,logistics,logistics,322952.352937391,322952.352937391,256835.54638312,256835.54638312,0.0,-0.006970299000000013,0.0,-0.13260024400000003,0.0,-0.839610133,0.0,-0.820714551,0.0,-0.782463312
ablation_m2_normal,M2,normal,2026240006,phase_110,balanced_capacity,0.4,1.0,0.04400240300000002,0.0,logistics,logistics,319109.530709529,319109.530709529,238148.969598845,238148.969598845,0.118340098,0.0,logistics,logistics,319109.530709529,319109.530709529,238148.969598845,238148.969598845,0.14772146099999994,0.0,logistics,logistics,319109.530709529,319109.530709529,238148.969598845,238148.969598845,0.16815478500000003,0.0,logistics,logistics,319109.530709529,319109.530709529,238148.969598845,238148.969598845,0.284700792,0.0,logistics,logistics,319109.530709529,319109.530709529,238148.969598845,238148.969598845,ablation_m2_demand_clamped,demand_clamped,phase_110,balanced_capacity,0.4,1.0,0.03109361799999999,0.0,logistics,logistics,319109.530709529,319109.530709529,238148.969598845,238148.969598845,-0.0023945199999999556,0.0,logistics,logistics,319109.530709529,319109.530709529,238148.969598845,238148.969598845,-0.706604746,0.0,logistics,logistics,319109.530709529,319109.530709529,238148.969598845,238148.969598845,-0.653629613,0.0,logistics,logistics,319109.530709529,319109.530709529,238148.969598845,238148.969598845,-0.464596557,0.0,logistics,logistics,319109.530709529,319109.530709529,238148.969598845,238148.969598845,0.0,-0.012908785000000034,0.0,-0.12073461799999996,0.0,-0.854326207,0.0,-0.821784398,0.0,-0.749297349
ablation_m2_normal,M2,normal,2026240007,phase_110,balanced_capacity,0.4,1.0,0.0,0.0,logistics,logistics,323797.656189324,323797.656189324,247880.234267604,247880.234267604,0.0,0.0,logistics,logistics,323797.656189324,323797.656189324,247880.234267604,247880.234267604,0.0,0.0,logistics,logistics,323797.656189324,323797.656189324,247880.234267604,247880.234267604,0.0,0.0,logistics,logistics,323797.656189324,323797.656189324,247880.234267604,247880.234267604,0.0,0.0,logistics,logistics,323797.656189324,323797.656189324,247880.234267604,247880.234267604,ablation_m2_demand_clamped,demand_clamped,phase_110,balanced_capacity,0.4,1.0,0.0,0.0,logistics,logistics,323797.656189324,323797.656189324,247880.234267604,247880.234267604,0.0,0.0,logistics,logistics,323797.656189324,323797.656189324,247880.234267604,247880.234267604,0.0,0.0,logistics,logistics,323797.656189324,323797.656189324,247880.234267604,247880.234267604,0.0,0.0,logistics,logistics,323797.656189324,323797.656189324,247880.234267604,247880.234267604,0.0,0.0,logistics,logistics,323797.656189324,323797.656189324,247880.234267604,247880.234267604,0.0,0.0,0.0,0.0,0.0,0.0,0.0,0.0,0.0,0.0
ablation_m2_normal,M2,normal,2026240008,phase_110,balanced_capacity,0.4,1.0,0.032007726000000014,0.0,logistics,logistics,316009.469045462,316009.469045462,249499.498278608,249499.498278608,0.08693386699999994,0.0,logistics,logistics,316009.469045462,316009.469045462,249499.498278608,249499.498278608,0.10607065500000001,0.0,logistics,logistics,316009.469045462,316009.469045462,249499.498278608,249499.498278608,0.11316178799999999,0.0,logistics,logistics,316009.469045462,316009.469045462,249499.498278608,249499.498278608,0.13632754000000002,0.0,logistics,logistics,316009.469045462,316009.469045462,249499.498278608,249499.498278608,ablation_m2_demand_clamped,demand_clamped,phase_110,balanced_capacity,0.4,1.0,0.027486447999999997,0.0,logistics,logistics,316009.469045462,316009.469045462,249499.498278608,249499.498278608,0.08316610499999999,0.0,logistics,logistics,316009.469045462,316009.469045462,249499.498278608,249499.498278608,-0.728054678,0.0,logistics,logistics,316009.469045462,316009.469045462,249499.498278608,249499.498278608,-0.696669477,0.0,logistics,logistics,316009.469045462,316009.469045462,249499.498278608,249499.498278608,-0.621639439,0.0,logistics,logistics,316009.469045462,316009.469045462,249499.498278608,249499.498278608,0.0,-0.0045212780000000174,0.0,-0.0037677619999999523,0.0,-0.834125333,0.0,-0.809831265,0.0,-0.757966979
ablation_m2_normal,M2,normal,2026240009,phase_110,balanced_capacity,0.4,1.0,0.0,0.0,logistics,logistics,328763.319296272,328763.319296272,240570.895384376,240570.895384376,0.0,0.0,logistics,logistics,328763.319296272,328763.319296272,240570.895384376,240570.895384376,0.0,0.0,logistics,logistics,328763.319296272,328763.319296272,240570.895384376,240570.895384376,0.0,0.0,logistics,logistics,328763.319296272,328763.319296272,240570.895384376,240570.895384376,0.0,0.0,logistics,logistics,328763.319296272,328763.319296272,240570.895384376,240570.895384376,ablation_m2_demand_clamped,demand_clamped,phase_110,balanced_capacity,0.4,1.0,0.0,0.0,logistics,logistics,328763.319296272,328763.319296272,240570.895384376,240570.895384376,0.0,0.0,logistics,logistics,328763.319296272,328763.319296272,240570.895384376,240570.895384376,0.0,0.0,logistics,logistics,328763.319296272,328763.319296272,240570.895384376,240570.895384376,0.0,0.0,logistics,logistics,328763.319296272,328763.319296272,240570.895384376,240570.895384376,0.0,0.0,logistics,logistics,328763.319296272,328763.319296272,240570.895384376,240570.895384376,0.0,0.0,0.0,0.0,0.0,0.0,0.0,0.0,0.0,0.0
ablation_m2_normal,M2,normal,2026240010,phase_110,balanced_capacity,0.4,1.0,0.034715654999999956,0.0,logistics,logistics,295338.223453077,295338.223453077,238475.597124291,238475.597124291,0.08625019199999995,0.0,logistics,logistics,295338.223453077,295338.223453077,238475.597124291,238475.597124291,0.10196190599999999,0.0,logistics,logistics,295338.223453077,295338.223453077,238475.597124291,238475.597124291,0.10774925599999996,0.0,logistics,logistics,295338.223453077,295338.223453077,238475.597124291,238475.597124291,0.12706541100000002,0.0,logistics,logistics,295338.223453077,295338.223453077,238475.597124291,238475.597124291,ablation_m2_demand_clamped,demand_clamped,phase_110,balanced_capacity,0.4,1.0,0.033806117999999996,0.0,logistics,logistics,295338.223453077,295338.223453077,238475.597124291,238475.597124291,-0.23320036,0.0,logistics,logistics,295338.223453077,295338.223453077,238475.597124291,238475.597124291,-0.765663868,0.0,logistics,logistics,295338.223453077,295338.223453077,238475.597124291,238475.597124291,-0.735124878,0.0,logistics,logistics,295338.223453077,295338.223453077,238475.597124291,238475.597124291,-0.661262738,0.0,logistics,logistics,295338.223453077,295338.223453077,238475.597124291,238475.597124291,0.0,-0.0009095369999999603,0.0,-0.31945055199999994,0.0,-0.867625774,0.0,-0.842874134,0.0,-0.788328149
ablation_m2_normal,M2,normal,2026240011,phase_110,balanced_capacity,0.4,1.0,0.0,0.0,forcegen,forcegen,314665.357339162,314665.357339162,253732.315656564,253732.315656564,0.0,0.0,forcegen,forcegen,314665.357339162,314665.357339162,253732.315656564,253732.315656564,0.0,0.0,forcegen,forcegen,314665.357339162,314665.357339162,253732.315656564,253732.315656564,0.0,0.0,forcegen,forcegen,314665.357339162,314665.357339162,253732.315656564,253732.315656564,0.0,0.0,forcegen,forcegen,314665.357339162,314665.357339162,253732.315656564,253732.315656564,ablation_m2_demand_clamped,demand_clamped,phase_110,balanced_capacity,0.4,1.0,0.0,0.0,forcegen,forcegen,314665.357339162,314665.357339162,253732.315656564,253732.315656564,0.0,0.0,forcegen,forcegen,314665.357339162,314665.357339162,253732.315656564,253732.315656564,0.0,0.0,forcegen,forcegen,314665.357339162,314665.357339162,253732.315656564,253732.315656564,0.0,0.0,forcegen,forcegen,314665.357339162,314665.357339162,253732.315656564,253732.315656564,0.0,0.0,forcegen,forcegen,314665.357339162,314665.357339162,253732.315656564,253732.315656564,0.0,0.0,0.0,0.0,0.0,0.0,0.0,0.0,0.0,0.0
ablation_m1_normal,M1,normal,2026240003,phase_054,logistics_constrained,0.4,1.0,0.04671128899999999,0.0,logistics,logistics,280663.799793388,280663.799793388,230031.72208375,230031.72208375,0.1256470019999999,0.0,logistics,logistics,280663.799793388,280663.799793388,230031.72208375,230031.72208375,0.154907805,0.0,logistics,logistics,280663.799793388,280663.799793388,230031.72208375,230031.72208375,0.16882197199999993,0.0,logistics,logistics,280663.799793388,280663.799793388,230031.72208375,230031.72208375,0.25414863300000007,0.0,logistics,logistics,280663.799793388,280663.799793388,230031.72208375,230031.72208375,ablation_m1_demand_clamped,demand_clamped,phase_054,logistics_constrained,0.4,1.0,0.025726230999999933,0.0,logistics,logistics,280663.799793388,280663.799793388,230031.72208375,230031.72208375,-0.1734852520000001,0.0,logistics,logistics,280663.799793388,280663.799793388,230031.72208375,230031.72208375,-0.697747462,0.0,logistics,logistics,280663.799793388,280663.799793388,230031.72208375,230031.72208375,-0.647407225,0.0,logistics,logistics,280663.799793388,280663.799793388,230031.72208375,230031.72208375,-0.478619282,0.0,logistics,logistics,280663.799793388,280663.799793388,230031.72208375,230031.72208375,0.0,-0.020985058000000056,0.0,-0.299132254,0.0,-0.852655267,0.0,-0.816229197,0.0,-0.732767915
ablation_m3_normal,M3,normal,2026240000,phase_021,forcegen_constrained,0.25,2.0,0.0022687459999999326,0.0,logistics,logistics,867119.43706211,867119.43706211,736386.567141295,736386.567141295,0.01603871400000001,0.0,logistics,logistics,867119.43706211,867119.43706211,736386.567141295,736386.567141295,0.03797057600000009,0.0,logistics,logistics,867119.43706211,867119.43706211,736386.567141295,736386.567141295,0.06672989799999995,0.0,logistics,logistics,867119.43706211,867119.43706211,736386.567141295,736386.567141295,0.116819232,0.0,logistics,logistics,867119.43706211,867119.43706211,736386.567141295,736386.567141295,ablation_m3_demand_clamped,demand_clamped,phase_021,forcegen_constrained,0.25,2.0,0.0022693769999999613,0.0,logistics,logistics,867119.43706211,867119.43706211,736386.567141295,736386.567141295,0.020514734000000034,0.0,logistics,logistics,867119.43706211,867119.43706211,736386.567141295,736386.567141295,0.04679583500000006,0.0,logistics,logistics,867119.43706211,867119.43706211,736386.567141295,736386.567141295,0.05355122000000001,0.0,logistics,logistics,867119.43706211,867119.43706211,736386.567141295,736386.567141295,0.10640271800000001,0.0,logistics,logistics,867119.43706211,867119.43706211,736386.567141295,736386.567141295,0.0,6.310000000286919e-07,0.0,0.004476020000000025,0.0,0.008825258999999974,0.0,-0.013178677999999944,0.0,-0.010416513999999988
ablation_m3_normal,M3,normal,2026240001,phase_021,forcegen_constrained,0.25,2.0,1.53010000000231e-05,0.0,logistics,logistics,908518.046232203,908518.046232203,764590.614150782,764590.614150782,-0.031491773000000056,0.0,logistics,logistics,908518.046232203,908518.046232203,764590.614150782,764590.614150782,0.024808928000000008,0.0,logistics,logistics,908518.046232203,908518.046232203,764590.614150782,764590.614150782,0.027766881999999993,0.0,logistics,logistics,908518.046232203,908518.046232203,764590.614150782,764590.614150782,-0.02738943100000002,0.0,logistics,logistics,908518.046232203,908518.046232203,764590.614150782,764590.614150782,ablation_m3_demand_clamped,demand_clamped,phase_021,forcegen_constrained,0.25,2.0,1.627500000001003e-05,0.0,logistics,logistics,908518.046232203,908518.046232203,764590.614150782,764590.614150782,-0.025859362000000052,0.0,logistics,logistics,908518.046232203,908518.046232203,764590.614150782,764590.614150782,0.03948373399999994,0.0,logistics,logistics,908518.046232203,908518.046232203,764590.614150782,764590.614150782,0.008621627999999992,0.0,logistics,logistics,908518.046232203,908518.046232203,764590.614150782,764590.614150782,-0.010233377000000043,0.0,logistics,logistics,908518.046232203,908518.046232203,764590.614150782,764590.614150782,0.0,9.739999999869298e-07,0.0,0.005632411000000004,0.0,0.01467480599999993,0.0,-0.019145254,0.0,0.017156053999999976
ablation_m1_normal,M1,normal,2026240004,phase_054,logistics_constrained,0.4,1.0,0.0,0.0,logistics,logistics,240270.40494337,240270.40494337,196346.990396575,196346.990396575,0.0,0.0,logistics,logistics,240270.40494337,240270.40494337,196346.990396575,196346.990396575,0.0,0.0,logistics,logistics,240270.40494337,240270.40494337,196346.990396575,196346.990396575,0.0,0.0,logistics,logistics,240270.40494337,240270.40494337,196346.990396575,196346.990396575,0.0,0.0,logistics,logistics,240270.40494337,240270.40494337,196346.990396575,196346.990396575,ablation_m1_demand_clamped,demand_clamped,phase_054,logistics_constrained,0.4,1.0,0.0,0.0,logistics,logistics,240270.40494337,240270.40494337,196346.990396575,196346.990396575,0.0,0.0,logistics,logistics,240270.40494337,240270.40494337,196346.990396575,196346.990396575,0.0,0.0,logistics,logistics,240270.40494337,240270.40494337,196346.990396575,196346.990396575,0.0,0.0,logistics,logistics,240270.40494337,240270.40494337,196346.990396575,196346.990396575,0.0,0.0,logistics,logistics,240270.40494337,240270.40494337,196346.990396575,196346.990396575,0.0,0.0,0.0,0.0,0.0,0.0,0.0,0.0,0.0,0.0
ablation_m3_normal,M3,normal,2026240002,phase_021,forcegen_constrained,0.25,2.0,0.0031960540000000037,0.0,logistics,logistics,948685.158848788,948685.158848788,912978.474984887,912978.474984887,0.011301690000000031,0.0,logistics,logistics,948685.158848788,948685.158848788,912978.474984887,912978.474984887,-0.015667286000000002,0.0,logistics,logistics,948685.158848788,948685.158848788,912978.474984887,912978.474984887,0.028880535999999957,0.0,logistics,logistics,948685.158848788,948685.158848788,912978.474984887,912978.474984887,0.03545637199999996,0.0,logistics,logistics,948685.158848788,948685.158848788,912978.474984887,912978.474984887,ablation_m3_demand_clamped,demand_clamped,phase_021,forcegen_constrained,0.25,2.0,0.0031960540000000037,0.0,logistics,logistics,948685.158848788,948685.158848788,912978.474984887,912978.474984887,0.012712172999999938,0.0,logistics,logistics,948685.158848788,948685.158848788,912978.474984887,912978.474984887,-0.012583020999999972,0.0,logistics,logistics,948685.158848788,948685.158848788,912978.474984887,912978.474984887,0.04465215099999997,0.0,logistics,logistics,948685.158848788,948685.158848788,912978.474984887,912978.474984887,-0.017002177000000063,0.0,logistics,logistics,948685.158848788,948685.158848788,912978.474984887,912978.474984887,0.0,0.0,0.0,0.001410482999999907,0.0,0.0030842650000000305,0.0,0.015771615000000017,0.0,-0.05245854900000002
ablation_m3_normal,M3,normal,2026240003,phase_021,forcegen_constrained,0.25,2.0,0.003538984999999939,0.0,logistics,logistics,930839.691924293,930839.691924293,902968.983197151,902968.983197151,0.013121411000000083,0.0,logistics,logistics,930839.691924293,930839.691924293,902968.983197151,902968.983197151,0.012579344000000048,0.0,logistics,logistics,930839.691924293,930839.691924293,902968.983197151,902968.983197151,0.004584745999999917,0.0,logistics,logistics,930839.691924293,930839.691924293,902968.983197151,902968.983197151,-0.0004436030000000146,0.0,logistics,logistics,930839.691924293,930839.691924293,902968.983197151,902968.983197151,ablation_m3_demand_clamped,demand_clamped,phase_021,forcegen_constrained,0.25,2.0,0.004386904999999941,0.0,logistics,logistics,930839.691924293,930839.691924293,902968.983197151,902968.983197151,0.01732770100000003,0.0,logistics,logistics,930839.691924293,930839.691924293,902968.983197151,902968.983197151,0.03320497100000008,0.0,logistics,logistics,930839.691924293,930839.691924293,902968.983197151,902968.983197151,-0.0436302930000001,0.0,logistics,logistics,930839.691924293,930839.691924293,902968.983197151,902968.983197151,0.05058082399999997,0.0,logistics,logistics,930839.691924293,930839.691924293,902968.983197151,902968.983197151,0.0,0.000847920000000002,0.0,0.004206289999999946,0.0,0.020625627000000035,0.0,-0.048215039000000015,0.0,0.05102442699999998
ablation_m3_normal,M3,normal,2026240004,phase_021,forcegen_constrained,0.25,2.0,0.007331203000000008,0.0,logistics,logistics,922403.063716608,922403.063716608,799984.238692682,799984.238692682,0.02416489299999991,0.0,logistics,logistics,922403.063716608,922403.063716608,799984.238692682,799984.238692682,0.05706918000000005,0.0,logistics,logistics,922403.063716608,922403.063716608,799984.238692682,799984.238692682,0.07464536799999999,0.0,logistics,logistics,922403.063716608,922403.063716608,799984.238692682,799984.238692682,0.10727341700000004,0.0,logistics,logistics,922403.063716608,922403.063716608,799984.238692682,799984.238692682,ablation_m3_demand_clamped,demand_clamped,phase_021,forcegen_constrained,0.25,2.0,0.008124840999999994,0.0,logistics,logistics,922403.063716608,922403.063716608,799984.238692682,799984.238692682,0.02782072499999999,0.0,logistics,logistics,922403.063716608,922403.063716608,799984.238692682,799984.238692682,0.05391014500000002,0.0,logistics,logistics,922403.063716608,922403.063716608,799984.238692682,799984.238692682,0.048538366999999916,0.0,logistics,logistics,922403.063716608,922403.063716608,799984.238692682,799984.238692682,0.09176810700000004,0.0,logistics,logistics,922403.063716608,922403.063716608,799984.238692682,799984.238692682,0.0,0.0007936379999999854,0.0,0.003655832000000081,0.0,-0.0031590350000000322,0.0,-0.026107001000000074,0.0,-0.015505309999999994
ablation_m3_normal,M3,normal,2026240005,phase_021,forcegen_constrained,0.25,2.0,0.002363172999999996,0.0,logistics,logistics,977724.023628568,977724.023628568,985491.149048755,985491.149048755,0.008511060999999986,0.0,logistics,logistics,977724.023628568,977724.023628568,985491.149048755,985491.149048755,0.019316746999999967,0.0,logistics,logistics,977724.023628568,977724.023628568,985491.149048755,985491.149048755,0.013704206999999968,0.0,logistics,logistics,977724.023628568,977724.023628568,985491.149048755,985491.149048755,0.009626932999999949,0.0,logistics,logistics,977724.023628568,977724.023628568,985491.149048755,985491.149048755,ablation_m3_demand_clamped,demand_clamped,phase_021,forcegen_constrained,0.25,2.0,0.002363172999999996,0.0,logistics,logistics,977724.023628568,977724.023628568,985491.149048755,985491.149048755,0.010063775999999969,0.0,logistics,logistics,977724.023628568,977724.023628568,985491.149048755,985491.149048755,0.05763122499999995,0.0,logistics,logistics,977724.023628568,977724.023628568,985491.149048755,985491.149048755,0.036542945999999965,0.0,logistics,logistics,977724.023628568,977724.023628568,985491.149048755,985491.149048755,0.03593362599999994,0.0,logistics,logistics,977724.023628568,977724.023628568,985491.149048755,985491.149048755,0.0,0.0,0.0,0.0015527149999999823,0.0,0.038314477999999985,0.0,0.022838738999999997,0.0,0.026306692999999992
ablation_m3_normal,M3,normal,2026240006,phase_021,forcegen_constrained,0.25,2.0,1.2750000000227857e-06,0.0,logistics,logistics,969906.472203395,969906.472203395,958463.849179492,958463.849179492,0.0009994719999999457,0.0,logistics,logistics,969906.472203395,969906.472203395,958463.849179492,958463.849179492,0.022576449,0.0,logistics,logistics,969906.472203395,969906.472203395,958463.849179492,958463.849179492,0.022371628000000032,0.0,logistics,logistics,969906.472203395,969906.472203395,958463.849179492,958463.849179492,0.011353908000000024,0.0,logistics,logistics,969906.472203395,969906.472203395,958463.849179492,958463.849179492,ablation_m3_demand_clamped,demand_clamped,phase_021,forcegen_constrained,0.25,2.0,1.2750000000227857e-06,0.0,logistics,logistics,969906.472203395,969906.472203395,958463.849179492,958463.849179492,0.001910030000000007,0.0,logistics,logistics,969906.472203395,969906.472203395,958463.849179492,958463.849179492,0.01771500199999998,0.0,logistics,logistics,969906.472203395,969906.472203395,958463.849179492,958463.849179492,0.016529615000000053,0.0,logistics,logistics,969906.472203395,969906.472203395,958463.849179492,958463.849179492,0.005618055999999982,0.0,logistics,logistics,969906.472203395,969906.472203395,958463.849179492,958463.849179492,0.0,0.0,0.0,0.0009105580000000613,0.0,-0.004861447000000019,0.0,-0.005842012999999979,0.0,-0.005735852000000041
ablation_m3_normal,M3,normal,2026240007,phase_021,forcegen_constrained,0.25,2.0,0.004508098999999932,0.0,logistics,logistics,974622.479710969,974622.479710969,968646.908900466,968646.908900466,0.01845702699999996,0.0,logistics,logistics,974622.479710969,974622.479710969,968646.908900466,968646.908900466,0.05511945699999998,0.0,logistics,logistics,974622.479710969,974622.479710969,968646.908900466,968646.908900466,0.006033937999999961,0.0,logistics,logistics,974622.479710969,974622.479710969,968646.908900466,968646.908900466,0.03731468299999996,0.0,logistics,logistics,974622.479710969,974622.479710969,968646.908900466,968646.908900466,ablation_m3_demand_clamped,demand_clamped,phase_021,forcegen_constrained,0.25,2.0,0.004508098999999932,0.0,logistics,logistics,974622.479710969,974622.479710969,968646.908900466,968646.908900466,0.019129733999999954,0.0,logistics,logistics,974622.479710969,974622.479710969,968646.908900466,968646.908900466,0.04502687599999999,0.0,logistics,logistics,974622.479710969,974622.479710969,968646.908900466,968646.908900466,-0.002744560000000007,0.0,logistics,logistics,974622.479710969,974622.479710969,968646.908900466,968646.908900466,0.03589281,0.0,logistics,logistics,974622.479710969,974622.479710969,968646.908900466,968646.908900466,0.0,0.0,0.0,0.0006727069999999946,0.0,-0.01009258099999999,0.0,-0.008778497999999968,0.0,-0.0014218729999999624
ablation_m3_normal,M3,normal,2026240008,phase_021,forcegen_constrained,0.25,2.0,0.0054198260000000165,0.0,logistics,logistics,1001652.995653434,1001652.995653434,861467.255341109,861467.255341109,-0.009588887999999907,0.0,logistics,logistics,1001652.995653434,1001652.995653434,861467.255341109,861467.255341109,0.04876531500000003,0.0,logistics,logistics,1001652.995653434,1001652.995653434,861467.255341109,861467.255341109,0.04086415900000001,0.0,logistics,logistics,1001652.995653434,1001652.995653434,861467.255341109,861467.255341109,0.040286088,0.0,logistics,logistics,1001652.995653434,1001652.995653434,861467.255341109,861467.255341109,ablation_m3_demand_clamped,demand_clamped,phase_021,forcegen_constrained,0.25,2.0,0.0054198260000000165,0.0,logistics,logistics,1001652.995653434,1001652.995653434,861467.255341109,861467.255341109,-0.005626204999999995,0.0,logistics,logistics,1001652.995653434,1001652.995653434,861467.255341109,861467.255341109,0.07071970000000005,0.0,logistics,logistics,1001652.995653434,1001652.995653434,861467.255341109,861467.255341109,-0.05639420899999997,0.0,logistics,logistics,1001652.995653434,1001652.995653434,861467.255341109,861467.255341109,-0.398385803,0.0,logistics,logistics,1001652.995653434,1001652.995653434,861467.255341109,861467.255341109,0.0,0.0,0.0,0.003962682999999911,0.0,0.02195438500000002,0.0,-0.09725836799999998,0.0,-0.438671891
ablation_m3_normal,M3,normal,2026240009,phase_021,forcegen_constrained,0.25,2.0,0.0008401920000000729,0.0,logistics,logistics,969140.562666936,969140.562666936,918546.805167674,918546.805167674,0.00950491099999995,0.0,logistics,logistics,969140.562666936,969140.562666936,918546.805167674,918546.805167674,0.009037459999999942,0.0,logistics,logistics,969140.562666936,969140.562666936,918546.805167674,918546.805167674,0.08344071100000006,0.0,logistics,logistics,969140.562666936,969140.562666936,918546.805167674,918546.805167674,0.017853685999999924,0.0,logistics,logistics,969140.562666936,969140.562666936,918546.805167674,918546.805167674,ablation_m3_demand_clamped,demand_clamped,phase_021,forcegen_constrained,0.25,2.0,0.0008401920000000729,0.0,logistics,logistics,969140.562666936,969140.562666936,918546.805167674,918546.805167674,0.010828018999999967,0.0,logistics,logistics,969140.562666936,969140.562666936,918546.805167674,918546.805167674,0.012756438000000037,0.0,logistics,logistics,969140.562666936,969140.562666936,918546.805167674,918546.805167674,0.10787113200000009,0.0,logistics,logistics,969140.562666936,969140.562666936,918546.805167674,918546.805167674,0.09222945999999999,0.0,logistics,logistics,969140.562666936,969140.562666936,918546.805167674,918546.805167674,0.0,0.0,0.0,0.0013231080000000173,0.0,0.003718978000000095,0.0,0.024430421000000035,0.0,0.07437577400000006
ablation_m3_normal,M3,normal,2026240010,phase_021,forcegen_constrained,0.25,2.0,0.004401431000000011,0.0,logistics,logistics,926477.950830958,926477.950830958,815276.864477557,815276.864477557,0.01752324400000005,0.0,logistics,logistics,926477.950830958,926477.950830958,815276.864477557,815276.864477557,0.010901249000000002,0.0,logistics,logistics,926477.950830958,926477.950830958,815276.864477557,815276.864477557,0.022163532999999958,0.0,logistics,logistics,926477.950830958,926477.950830958,815276.864477557,815276.864477557,-0.14708077099999994,0.0,logistics,logistics,926477.950830958,926477.950830958,815276.864477557,815276.864477557,ablation_m3_demand_clamped,demand_clamped,phase_021,forcegen_constrained,0.25,2.0,0.004857250000000035,0.0,logistics,logistics,926477.950830958,926477.950830958,815276.864477557,815276.864477557,0.019306232000000034,0.0,logistics,logistics,926477.950830958,926477.950830958,815276.864477557,815276.864477557,-0.015676263999999995,0.0,logistics,logistics,926477.950830958,926477.950830958,815276.864477557,815276.864477557,0.003223630000000033,0.0,logistics,logistics,926477.950830958,926477.950830958,815276.864477557,815276.864477557,0.011219500000000049,0.0,logistics,logistics,926477.950830958,926477.950830958,815276.864477557,815276.864477557,0.0,0.00045581900000002396,0.0,0.0017829879999999854,0.0,-0.026577512999999997,0.0,-0.018939902999999925,0.0,0.158300271
ablation_m3_normal,M3,normal,2026240011,phase_021,forcegen_constrained,0.25,2.0,0.00651352500000002,0.0,logistics,logistics,985419.866158893,985419.866158893,799489.243866747,799489.243866747,0.01539464800000001,0.0,logistics,logistics,985419.866158893,985419.866158893,799489.243866747,799489.243866747,0.04501556200000001,0.0,logistics,logistics,985419.866158893,985419.866158893,799489.243866747,799489.243866747,0.05124713599999997,0.0,logistics,logistics,985419.866158893,985419.866158893,799489.243866747,799489.243866747,0.014257977999999949,0.0,logistics,logistics,985419.866158893,985419.866158893,799489.243866747,799489.243866747,ablation_m3_demand_clamped,demand_clamped,phase_021,forcegen_constrained,0.25,2.0,0.00651352500000002,0.0,logistics,logistics,985419.866158893,985419.866158893,799489.243866747,799489.243866747,0.016448942000000022,0.0,logistics,logistics,985419.866158893,985419.866158893,799489.243866747,799489.243866747,0.04521490700000008,0.0,logistics,logistics,985419.866158893,985419.866158893,799489.243866747,799489.243866747,0.020581279999999924,0.0,logistics,logistics,985419.866158893,985419.866158893,799489.243866747,799489.243866747,0.014568324999999938,0.0,logistics,logistics,985419.866158893,985419.866158893,799489.243866747,799489.243866747,0.0,0.0,0.0,0.0010542940000000112,0.0,0.00019934500000007294,0.0,-0.030665856000000047,0.0,0.0003103469999999886
ablation_m1_normal,M1,normal,2026240005,phase_054,logistics_constrained,0.4,1.0,0.03265103899999999,0.0,logistics,logistics,310622.695455461,310622.695455461,257250.42573872,257250.42573872,0.07925465600000003,0.0,logistics,logistics,310622.695455461,310622.695455461,257250.42573872,257250.42573872,0.09083385600000005,0.0,logistics,logistics,310622.695455461,310622.695455461,257250.42573872,257250.42573872,0.091923431,0.0,logistics,logistics,310622.695455461,310622.695455461,257250.42573872,257250.42573872,0.09819138999999999,0.0,logistics,logistics,310622.695455461,310622.695455461,257250.42573872,257250.42573872,ablation_m1_demand_clamped,demand_clamped,phase_054,logistics_constrained,0.4,1.0,0.036727646999999974,0.0,logistics,logistics,310622.695455461,310622.695455461,257250.42573872,257250.42573872,0.07930653799999998,0.0,logistics,logistics,310622.695455461,310622.695455461,257250.42573872,257250.42573872,-0.303981481,0.0,logistics,logistics,310622.695455461,310622.695455461,257250.42573872,257250.42573872,-0.742361302,0.0,logistics,logistics,310622.695455461,310622.695455461,257250.42573872,257250.42573872,-0.669666306,0.0,logistics,logistics,310622.695455461,310622.695455461,257250.42573872,257250.42573872,0.0,0.004076607999999982,0.0,5.188199999994758e-05,0.0,-0.39481533700000004,0.0,-0.834284733,0.0,-0.767857696
ablation_m1_normal,M1,normal,2026240006,phase_054,logistics_constrained,0.4,1.0,0.10041468499999995,0.0,logistics,logistics,307347.870331561,307347.870331561,232934.385218031,232934.385218031,0.871524666,0.0,logistics,logistics,307347.870331561,307347.870331561,232934.385218031,232934.385218031,0.83180804,0.0,logistics,logistics,307347.870331561,307347.870331561,232934.385218031,232934.385218031,0.76534699,0.0,logistics,logistics,307347.870331561,307347.870331561,232934.385218031,232934.385218031,0.549626813,0.0,logistics,logistics,307347.870331561,307347.870331561,232934.385218031,232934.385218031,ablation_m1_demand_clamped,demand_clamped,phase_054,logistics_constrained,0.4,1.0,0.03956534199999995,0.0,logistics,logistics,307347.870331561,307347.870331561,232934.385218031,232934.385218031,0.0,0.0,logistics,logistics,307347.870331561,307347.870331561,232934.385218031,232934.385218031,0.0,0.0,logistics,logistics,307347.870331561,307347.870331561,232934.385218031,232934.385218031,0.0,0.0,logistics,logistics,307347.870331561,307347.870331561,232934.385218031,232934.385218031,0.0,0.0,logistics,logistics,307347.870331561,307347.870331561,232934.385218031,232934.385218031,0.0,-0.060849343,0.0,-0.871524666,0.0,-0.83180804,0.0,-0.76534699,0.0,-0.549626813
ablation_m4_normal,M4,normal,2026240000,phase_091,command_constrained,0.4,2.0,0.0026581219999999295,0.0,command,command,858325.980860607,858325.980860607,812146.245983832,812146.245983832,0.007573344999999954,0.0,command,command,858325.980860607,858325.980860607,812146.245983832,812146.245983832,-0.09251121200000001,0.0,command,command,858325.980860607,858325.980860607,812146.245983832,812146.245983832,-0.07643540000000004,0.0,command,command,858325.980860607,858325.980860607,812146.245983832,812146.245983832,0.163703983,0.0,command,command,858325.980860607,858325.980860607,812146.245983832,812146.245983832,ablation_m4_demand_clamped,demand_clamped,phase_091,command_constrained,0.4,2.0,0.0032094739999999344,0.0,command,command,858325.980860607,858325.980860607,812146.245983832,812146.245983832,0.012218877999999989,0.0,command,command,858325.980860607,858325.980860607,812146.245983832,812146.245983832,-0.08410882600000003,0.0,command,command,858325.980860607,858325.980860607,812146.245983832,812146.245983832,-0.11080685300000004,0.0,command,command,858325.980860607,858325.980860607,812146.245983832,812146.245983832,0.16791654899999997,0.0,command,command,858325.980860607,858325.980860607,812146.245983832,812146.245983832,0.0,0.000551352000000005,0.0,0.004645533000000035,0.0,0.008402385999999984,0.0,-0.034371452999999996,0.0,0.004212565999999973
ablation_m4_normal,M4,normal,2026240001,phase_091,command_constrained,0.4,2.0,0.00407213900000003,0.0,command,command,928804.271468901,928804.271468901,857803.55451883,857803.55451883,0.014496177000000054,0.0,command,command,928804.271468901,928804.271468901,857803.55451883,857803.55451883,0.03604666999999995,0.0,command,command,928804.271468901,928804.271468901,857803.55451883,857803.55451883,0.026823847999999928,0.0,command,command,928804.271468901,928804.271468901,857803.55451883,857803.55451883,0.0028296829999999717,0.0,command,command,928804.271468901,928804.271468901,857803.55451883,857803.55451883,ablation_m4_demand_clamped,demand_clamped,phase_091,command_constrained,0.4,2.0,0.004490553000000008,0.0,command,command,928804.271468901,928804.271468901,857803.55451883,857803.55451883,0.01554897700000002,0.0,command,command,928804.271468901,928804.271468901,857803.55451883,857803.55451883,0.037677234999999976,0.0,command,command,928804.271468901,928804.271468901,857803.55451883,857803.55451883,0.010562874999999972,0.0,command,command,928804.271468901,928804.271468901,857803.55451883,857803.55451883,-0.01137470500000004,0.0,command,command,928804.271468901,928804.271468901,857803.55451883,857803.55451883,0.0,0.0004184139999999781,0.0,0.0010527999999999649,0.0,0.0016305650000000282,0.0,-0.016260972999999956,0.0,-0.014204388000000012
ablation_m4_normal,M4,normal,2026240002,phase_091,command_constrained,0.4,2.0,-0.002089263000000008,0.0,command,command,921240.003338676,921240.003338676,835026.678159951,835026.678159951,0.010757632000000017,0.0,command,command,921240.003338676,921240.003338676,835026.678159951,835026.678159951,0.042661144999999956,0.0,command,command,921240.003338676,921240.003338676,835026.678159951,835026.678159951,0.00395880500000001,0.0,command,command,921240.003338676,921240.003338676,835026.678159951,835026.678159951,0.016439082999999965,0.0,command,command,921240.003338676,921240.003338676,835026.678159951,835026.678159951,ablation_m4_demand_clamped,demand_clamped,phase_091,command_constrained,0.4,2.0,-0.0005257020000000168,0.0,command,command,921240.003338676,921240.003338676,835026.678159951,835026.678159951,0.013438614000000015,0.0,command,command,921240.003338676,921240.003338676,835026.678159951,835026.678159951,0.06400803200000005,0.0,command,command,921240.003338676,921240.003338676,835026.678159951,835026.678159951,-0.010446701000000003,0.0,command,command,921240.003338676,921240.003338676,835026.678159951,835026.678159951,0.04853637399999999,0.0,command,command,921240.003338676,921240.003338676,835026.678159951,835026.678159951,0.0,0.001563560999999991,0.0,0.0026809819999999984,0.0,0.021346887000000092,0.0,-0.014405506000000012,0.0,0.03209729100000003
ablation_m4_normal,M4,normal,2026240003,phase_091,command_constrained,0.4,2.0,0.0043166370000000676,0.0,command,command,921361.99411021,921361.99411021,835501.446502077,835501.446502077,0.01348108299999995,0.0,command,command,921361.99411021,921361.99411021,835501.446502077,835501.446502077,0.030478358999999955,0.0,command,command,921361.99411021,921361.99411021,835501.446502077,835501.446502077,0.045641754000000034,0.0,command,command,921361.99411021,921361.99411021,835501.446502077,835501.446502077,0.04425374099999996,0.0,command,command,921361.99411021,921361.99411021,835501.446502077,835501.446502077,ablation_m4_demand_clamped,demand_clamped,phase_091,command_constrained,0.4,2.0,0.0043166370000000676,0.0,command,command,921361.99411021,921361.99411021,835501.446502077,835501.446502077,0.01863613399999997,0.0,command,command,921361.99411021,921361.99411021,835501.446502077,835501.446502077,-0.00452020799999997,0.0,command,command,921361.99411021,921361.99411021,835501.446502077,835501.446502077,0.015296721999999985,0.0,command,command,921361.99411021,921361.99411021,835501.446502077,835501.446502077,-0.13475388500000002,0.0,command,command,921361.99411021,921361.99411021,835501.446502077,835501.446502077,0.0,0.0,0.0,0.005155051000000022,0.0,-0.034998566999999925,0.0,-0.03034503200000005,0.0,-0.17900762599999998
ablation_m4_normal,M4,normal,2026240004,phase_091,command_constrained,0.4,2.0,0.008834310000000012,0.0,command,command,888785.975319612,888785.975319612,714274.387596307,714274.387596307,0.02757685600000004,0.0,command,command,888785.975319612,888785.975319612,714274.387596307,714274.387596307,0.04695792200000004,0.0,command,command,888785.975319612,888785.975319612,714274.387596307,714274.387596307,0.0525398210000001,0.0,command,command,888785.975319612,888785.975319612,714274.387596307,714274.387596307,0.055030304999999946,0.0,command,command,888785.975319612,888785.975319612,714274.387596307,714274.387596307,ablation_m4_demand_clamped,demand_clamped,phase_091,command_constrained,0.4,2.0,0.008834310000000012,0.0,command,command,888785.975319612,888785.975319612,714274.387596307,714274.387596307,0.030950907000000027,0.0,command,command,888785.975319612,888785.975319612,714274.387596307,714274.387596307,0.04886839400000009,0.0,command,command,888785.975319612,888785.975319612,714274.387596307,714274.387596307,0.025261645000000055,0.0,command,command,888785.975319612,888785.975319612,714274.387596307,714274.387596307,-0.0012761169999999655,0.0,command,command,888785.975319612,888785.975319612,714274.387596307,714274.387596307,0.0,0.0,0.0,0.003374050999999989,0.0,0.001910472000000052,0.0,-0.027278176000000043,0.0,-0.05630642199999991
ablation_m4_normal,M4,normal,2026240005,phase_091,command_constrained,0.4,2.0,0.002334090999999927,0.0,command,command,878579.688259887,878579.688259887,862711.2066397,862711.2066397,0.013748501999999996,0.0,command,command,878579.688259887,878579.688259887,862711.2066397,862711.2066397,0.03234669400000001,0.0,command,command,878579.688259887,878579.688259887,862711.2066397,862711.2066397,0.0033458800000000233,0.0,command,command,878579.688259887,878579.688259887,862711.2066397,862711.2066397,-0.002370083999999939,0.0,command,command,878579.688259887,878579.688259887,862711.2066397,862711.2066397,ablation_m4_demand_clamped,demand_clamped,phase_091,command_constrained,0.4,2.0,0.002334090999999927,0.0,command,command,878579.688259887,878579.688259887,862711.2066397,862711.2066397,0.007757695000000009,0.0,command,command,878579.688259887,878579.688259887,862711.2066397,862711.2066397,-0.014778995000000017,0.0,command,command,878579.688259887,878579.688259887,862711.2066397,862711.2066397,-0.006232331999999952,0.0,command,command,878579.688259887,878579.688259887,862711.2066397,862711.2066397,-0.13597962600000002,0.0,command,command,878579.688259887,878579.688259887,862711.2066397,862711.2066397,0.0,0.0,0.0,-0.005990806999999987,0.0,-0.047125689000000026,0.0,-0.009578211999999975,0.0,-0.13360954200000008
ablation_m4_normal,M4,normal,2026240006,phase_091,command_constrained,0.4,2.0,6.468000000037222e-06,0.0,command,command,981250.501069475,981250.501069475,906301.222970517,906301.222970517,0.013030779000000048,0.0,command,command,981250.501069475,981250.501069475,906301.222970517,906301.222970517,0.017514311999999976,0.0,command,command,981250.501069475,981250.501069475,906301.222970517,906301.222970517,-0.02025144099999998,0.0,command,command,981250.501069475,981250.501069475,906301.222970517,906301.222970517,-0.16293737900000005,0.0,command,command,981250.501069475,981250.501069475,906301.222970517,906301.222970517,ablation_m4_demand_clamped,demand_clamped,phase_091,command_constrained,0.4,2.0,6.468000000037222e-06,0.0,command,command,981250.501069475,981250.501069475,906301.222970517,906301.222970517,0.015519130000000048,0.0,command,command,981250.501069475,981250.501069475,906301.222970517,906301.222970517,0.005199952999999979,0.0,command,command,981250.501069475,981250.501069475,906301.222970517,906301.222970517,-0.026027161999999993,0.0,command,command,981250.501069475,981250.501069475,906301.222970517,906301.222970517,-0.18370879500000004,0.0,command,command,981250.501069475,981250.501069475,906301.222970517,906301.222970517,0.0,0.0,0.0,0.0024883509999999998,0.0,-0.012314358999999997,0.0,-0.005775721000000011,0.0,-0.020771415999999987
ablation_m4_normal,M4,normal,2026240007,phase_091,command_constrained,0.4,2.0,0.003071550000000034,0.0,command,command,930206.116481608,930206.116481608,934689.028443692,934689.028443692,0.00793079699999999,0.0,command,command,930206.116481608,930206.116481608,934689.028443692,934689.028443692,0.015291272000000022,0.0,command,command,930206.116481608,930206.116481608,934689.028443692,934689.028443692,0.009325649999999963,0.0,command,command,930206.116481608,930206.116481608,934689.028443692,934689.028443692,0.0036462329999999987,0.0,command,command,930206.116481608,930206.116481608,934689.028443692,934689.028443692,ablation_m4_demand_clamped,demand_clamped,phase_091,command_constrained,0.4,2.0,0.003071550000000034,0.0,command,command,930206.116481608,930206.116481608,934689.028443692,934689.028443692,0.00917526599999996,0.0,command,command,930206.116481608,930206.116481608,934689.028443692,934689.028443692,0.017596076000000016,0.0,command,command,930206.116481608,930206.116481608,934689.028443692,934689.028443692,0.0013006359999999662,0.0,command,command,930206.116481608,930206.116481608,934689.028443692,934689.028443692,-0.005041889000000022,0.0,command,command,930206.116481608,930206.116481608,934689.028443692,934689.028443692,0.0,0.0,0.0,0.0012444689999999703,0.0,0.0023048039999999936,0.0,-0.008025013999999997,0.0,-0.00868812200000002
ablation_m1_normal,M1,normal,2026240007,phase_054,logistics_constrained,0.4,1.0,0.0,0.0,logistics,logistics,286155.780124114,286155.780124114,247520.508722691,247520.508722691,0.0,0.0,logistics,logistics,286155.780124114,286155.780124114,247520.508722691,247520.508722691,0.0,0.0,logistics,logistics,286155.780124114,286155.780124114,247520.508722691,247520.508722691,0.0,0.0,logistics,logistics,286155.780124114,286155.780124114,247520.508722691,247520.508722691,0.0,0.0,logistics,logistics,286155.780124114,286155.780124114,247520.508722691,247520.508722691,ablation_m1_demand_clamped,demand_clamped,phase_054,logistics_constrained,0.4,1.0,0.0,0.0,logistics,logistics,286155.780124114,286155.780124114,247520.508722691,247520.508722691,0.0,0.0,logistics,logistics,286155.780124114,286155.780124114,247520.508722691,247520.508722691,0.0,0.0,logistics,logistics,286155.780124114,286155.780124114,247520.508722691,247520.508722691,0.0,0.0,logistics,logistics,286155.780124114,286155.780124114,247520.508722691,247520.508722691,0.0,0.0,logistics,logistics,286155.780124114,286155.780124114,247520.508722691,247520.508722691,0.0,0.0,0.0,0.0,0.0,0.0,0.0,0.0,0.0,0.0
ablation_m4_normal,M4,normal,2026240008,phase_091,command_constrained,0.4,2.0,6.483899999998322e-05,0.0,command,command,921972.244777074,921972.244777074,881882.388105393,881882.388105393,0.025246298999999972,0.0,command,command,921972.244777074,921972.244777074,881882.388105393,881882.388105393,0.0005971270000000306,0.0,command,command,921972.244777074,921972.244777074,881882.388105393,881882.388105393,0.026960753000000004,0.0,command,command,921972.244777074,921972.244777074,881882.388105393,881882.388105393,0.07839811800000007,0.0,command,command,921972.244777074,921972.244777074,881882.388105393,881882.388105393,ablation_m4_demand_clamped,demand_clamped,phase_091,command_constrained,0.4,2.0,6.688999999993062e-05,0.0,command,command,921972.244777074,921972.244777074,881882.388105393,881882.388105393,0.03117602899999994,0.0,command,command,921972.244777074,921972.244777074,881882.388105393,881882.388105393,0.04518359500000002,0.0,command,command,921972.244777074,921972.244777074,881882.388105393,881882.388105393,0.010163248999999985,0.0,command,command,921972.244777074,921972.244777074,881882.388105393,881882.388105393,0.10095128000000009,0.0,command,command,921972.244777074,921972.244777074,881882.388105393,881882.388105393,0.0,2.0509999999474005e-06,0.0,0.005929729999999966,0.0,0.04458646799999999,0.0,-0.01679750400000002,0.0,0.022553162000000015
ablation_m4_normal,M4,normal,2026240009,phase_091,command_constrained,0.4,2.0,0.0028097159999999066,0.0,command,command,925437.529366046,925437.529366046,829070.331352514,829070.331352514,0.014909668000000043,0.0,command,command,925437.529366046,925437.529366046,829070.331352514,829070.331352514,0.029330929000000006,0.0,command,command,925437.529366046,925437.529366046,829070.331352514,829070.331352514,0.019077357000000017,0.0,command,command,925437.529366046,925437.529366046,829070.331352514,829070.331352514,0.013997140999999935,0.0,command,command,925437.529366046,925437.529366046,829070.331352514,829070.331352514,ablation_m4_demand_clamped,demand_clamped,phase_091,command_constrained,0.4,2.0,0.0028097159999999066,0.0,command,command,925437.529366046,925437.529366046,829070.331352514,829070.331352514,0.01615723300000005,0.0,command,command,925437.529366046,925437.529366046,829070.331352514,829070.331352514,0.010659295000000069,0.0,command,command,925437.529366046,925437.529366046,829070.331352514,829070.331352514,0.010846325000000046,0.0,command,command,925437.529366046,925437.529366046,829070.331352514,829070.331352514,-0.0037659360000000808,0.0,command,command,925437.529366046,925437.529366046,829070.331352514,829070.331352514,0.0,0.0,0.0,0.001247565000000006,0.0,-0.018671633999999937,0.0,-0.008231031999999971,0.0,-0.017763077000000016
ablation_m4_normal,M4,normal,2026240010,phase_091,command_constrained,0.4,2.0,0.0009185520000000169,0.0,command,command,954033.805045245,954033.805045245,1014202.538677955,1014202.538677955,-0.008877424999999994,0.0,command,command,954033.805045245,954033.805045245,1014202.538677955,1014202.538677955,0.004035131999999941,0.0,command,command,954033.805045245,954033.805045245,1014202.538677955,1014202.538677955,-0.030361835000000004,0.0,command,command,954033.805045245,954033.805045245,1014202.538677955,1014202.538677955,-0.04469248199999998,0.0,command,command,954033.805045245,954033.805045245,1014202.538677955,1014202.538677955,ablation_m4_demand_clamped,demand_clamped,phase_091,command_constrained,0.4,2.0,0.0019083349999999832,0.0,command,command,954033.805045245,954033.805045245,1014202.538677955,1014202.538677955,-0.009955680999999994,0.0,command,command,954033.805045245,954033.805045245,1014202.538677955,1014202.538677955,0.014978115000000014,0.0,command,command,954033.805045245,954033.805045245,1014202.538677955,1014202.538677955,-0.03924107399999999,0.0,command,command,954033.805045245,954033.805045245,1014202.538677955,1014202.538677955,-0.11067353300000005,0.0,command,command,954033.805045245,954033.805045245,1014202.538677955,1014202.538677955,0.0,0.0009897829999999663,0.0,-0.0010782559999999997,0.0,0.010942983000000073,0.0,-0.008879238999999983,0.0,-0.06598105100000007
ablation_m4_normal,M4,normal,2026240011,phase_091,command_constrained,0.4,2.0,0.006128011999999905,0.0,command,command,966561.695034122,966561.695034122,836278.988537928,836278.988537928,0.01361387599999997,0.0,command,command,966561.695034122,966561.695034122,836278.988537928,836278.988537928,-0.02996252899999996,0.0,command,command,966561.695034122,966561.695034122,836278.988537928,836278.988537928,0.05855510899999994,0.0,command,command,966561.695034122,966561.695034122,836278.988537928,836278.988537928,0.073850906,0.0,command,command,966561.695034122,966561.695034122,836278.988537928,836278.988537928,ablation_m4_demand_clamped,demand_clamped,phase_091,command_constrained,0.4,2.0,0.006128011999999905,0.0,command,command,966561.695034122,966561.695034122,836278.988537928,836278.988537928,0.017967677000000015,0.0,command,command,966561.695034122,966561.695034122,836278.988537928,836278.988537928,-0.015951530000000047,0.0,command,command,966561.695034122,966561.695034122,836278.988537928,836278.988537928,0.026945996000000028,0.0,command,command,966561.695034122,966561.695034122,836278.988537928,836278.988537928,0.019354053000000038,0.0,command,command,966561.695034122,966561.695034122,836278.988537928,836278.988537928,0.0,0.0,0.0,0.004353801000000046,0.0,0.014010998999999913,0.0,-0.03160911299999991,0.0,-0.054496852999999956
ablation_m1_normal,M1,normal,2026240008,phase_054,logistics_constrained,0.4,1.0,0.0,0.0,logistics,logistics,266684.951326506,266684.951326506,210358.029222161,210358.029222161,0.0,0.0,logistics,logistics,266684.951326506,266684.951326506,210358.029222161,210358.029222161,0.0,0.0,logistics,logistics,266684.951326506,266684.951326506,210358.029222161,210358.029222161,0.0,0.0,logistics,logistics,266684.951326506,266684.951326506,210358.029222161,210358.029222161,0.0,0.0,logistics,logistics,266684.951326506,266684.951326506,210358.029222161,210358.029222161,ablation_m1_demand_clamped,demand_clamped,phase_054,logistics_constrained,0.4,1.0,0.0,0.0,logistics,logistics,266684.951326506,266684.951326506,210358.029222161,210358.029222161,0.0,0.0,logistics,logistics,266684.951326506,266684.951326506,210358.029222161,210358.029222161,0.0,0.0,logistics,logistics,266684.951326506,266684.951326506,210358.029222161,210358.029222161,0.0,0.0,logistics,logistics,266684.951326506,266684.951326506,210358.029222161,210358.029222161,0.0,0.0,logistics,logistics,266684.951326506,266684.951326506,210358.029222161,210358.029222161,0.0,0.0,0.0,0.0,0.0,0.0,0.0,0.0,0.0,0.0
ablation_m1_normal,M1,normal,2026240009,phase_054,logistics_constrained,0.4,1.0,0.0,0.0,logistics,logistics,285786.54516257,285786.54516257,248007.875190653,248007.875190653,0.0,0.0,logistics,logistics,285786.54516257,285786.54516257,248007.875190653,248007.875190653,0.0,0.0,logistics,logistics,285786.54516257,285786.54516257,248007.875190653,248007.875190653,0.0,0.0,logistics,logistics,285786.54516257,285786.54516257,248007.875190653,248007.875190653,0.0,0.0,logistics,logistics,285786.54516257,285786.54516257,248007.875190653,248007.875190653,ablation_m1_demand_clamped,demand_clamped,phase_054,logistics_constrained,0.4,1.0,0.0,0.0,logistics,logistics,285786.54516257,285786.54516257,248007.875190653,248007.875190653,0.0,0.0,logistics,logistics,285786.54516257,285786.54516257,248007.875190653,248007.875190653,0.0,0.0,logistics,logistics,285786.54516257,285786.54516257,248007.875190653,248007.875190653,0.0,0.0,logistics,logistics,285786.54516257,285786.54516257,248007.875190653,248007.875190653,0.0,0.0,logistics,logistics,285786.54516257,285786.54516257,248007.875190653,248007.875190653,0.0,0.0,0.0,0.0,0.0,0.0,0.0,0.0,0.0,0.0
