factor_target,factor_severity,factor_intensity,contrast,n_matched_seeds,mean_delta_composite_capability_h30,median_delta_composite_capability_h30,delta_composite_capability_h30_boot95_lo,delta_composite_capability_h30_boot95_hi,mean_delta_q_feasible_h360,median_delta_q_feasible_h360,delta_q_feasible_h360_boot95_lo,delta_q_feasible_h360_boot95_hi,mean_relevant_delta_indigenous_h360,median_relevant_delta_indigenous_h360,relevant_delta_indigenous_h360_boot95_lo,relevant_delta_indigenous_h360_boot95_hi,mean_relevant_delta_demand_h360,median_relevant_delta_demand_h360,relevant_delta_demand_h360_boot95_lo,relevant_delta_demand_h360_boot95_hi,mean_relevant_delta_coverage_capped_h360,median_relevant_delta_coverage_capped_h360,relevant_delta_coverage_capped_h360_boot95_lo,relevant_delta_coverage_capped_h360_boot95_hi,mean_delta_cum_interval_donor_cost_h360,median_delta_cum_interval_donor_cost_h360,delta_cum_interval_donor_cost_h360_boot95_lo,delta_cum_interval_donor_cost_h360_boot95_hi
command,moderate,0.5,development_minus_substitution,12,0.005953076249999939,0.0068221404999999,0.004095578402083277,0.00693850069374993,-0.018079140416666663,-1.3817999999998776e-05,-0.10705530228125,0.05962540956874996,1.6044404796666665,1.600368659999999,0.6439807950999996,2.640626088122916,0.5,0.5,-1.1666666666666667,2.125,0.16848195951996806,0.19357517606593408,0.12734062912061034,0.20274387255905527,459000.0,459000.0,459000.0,459000.0
command,moderate,0.5,hybrid_minus_substitution,12,0.0028737826666666386,0.003481787999999972,0.0013674185749999678,0.004036475127083288,-0.08718611099999996,-0.00872940699999995,-0.2202669557874999,0.01697303743749999,1.2965286204166666,0.8182756339999997,0.25667753601666626,2.3649620356249987,1.5,1.25,-0.3333333333333333,3.25,0.0784793489143437,0.07494339268109174,0.06424656579484482,0.09406122461481393,229500.0,229500.0,229500.0,229500.0
command,moderate,1.0,development_minus_substitution,12,0.01276141374999997,0.01209903999999995,0.005416448412499959,0.020844897447916615,-0.13202931241666663,-0.07581523299999995,-0.2314097979895833,-0.04571916539791666,2.706387620416667,0.9656230504999999,0.94945584983125,4.586237736143749,-0.3333333333333333,0.0,-2.7083333333333335,1.9166666666666667,0.20012116266407923,0.23930219626470572,0.13915607396941637,0.2505668257096983,918000.0,918000.0,918000.0,918000.0
command,moderate,1.0,hybrid_minus_substitution,12,0.009076111666666603,0.006813721999999901,0.0006367846854166298,0.017678754531249927,-0.015586167249999998,-0.00015458099999995,-0.11963899221666664,0.08519714834999996,1.9334965323333335,1.5088923084999997,0.023755219456249917,4.066401028902083,0.625,0.75,-2.1666666666666665,3.3333333333333335,0.15159522769953537,0.19498304087500018,0.09594431504095693,0.19860288918058264,459000.0,459000.0,459000.0,459000.0
command,severe,0.5,development_minus_substitution,12,0.009776490249999964,0.0065493944999999495,0.005439591495833326,0.016366010129166626,-0.004383295499999991,0.0,-0.10309320875000001,0.08988035141666668,0.49361618358333326,0.4299479469999999,0.10909329543124993,0.8892483259062496,0.5833333333333334,0.25,-0.5833333333333334,1.7916666666666667,0.12294049201549162,0.10610156733333331,0.10285407480957262,0.158090833223227,459000.0,459000.0,459000.0,459000.0
command,severe,0.5,hybrid_minus_substitution,12,0.0069517912499999675,0.003377606499999966,0.0022930015083333175,0.013759169110416648,-0.017717063916666668,0.0,-0.07756025821041665,0.0401936540833333,-0.006370263750000055,0.0,-0.2396412096625001,0.20789896830416665,-0.5416666666666666,0.0,-1.4583333333333333,0.2916666666666667,0.02272936247459475,0.03106999766463764,0.00956643847347144,0.03589228647571806,229500.0,229500.0,229500.0,229500.0
command,severe,1.0,development_minus_substitution,12,0.006009930666666628,0.013057690000000007,-0.004604583495833324,0.013494732127083294,-0.07969024733333331,-0.0025930120000000004,-0.19786535675624997,0.028922759727083285,2.0978809624166668,1.8229060385,1.1183617838875,3.2017054298458323,1.7083333333333333,1.25,0.20833333333333334,3.4166666666666665,0.3486150699881695,0.34764569644444443,0.3116984282202982,0.387866308661864,918000.0,918000.0,918000.0,918000.0
command,severe,1.0,hybrid_minus_substitution,12,0.008478319666666624,0.00642057999999995,-0.008785200820833335,0.02840710690833324,-0.005785312999999977,0.0,-0.10093908402916663,0.09937001763958331,0.45359451250000005,0.17815442399999992,-0.021176158325000003,0.9857218680395832,0.125,0.0,-1.5416666666666667,1.7083333333333333,0.09525384799220811,0.09827332919225527,0.06870837874256906,0.1187408257808315,459000.0,459000.0,459000.0,459000.0
forcegen,moderate,0.5,development_minus_substitution,12,-3.019166666673456e-07,-2.845000000584186e-07,-3.7083541670687726e-07,-2.3499999996882495e-07,0.0,0.0,0.0,0.0,456.80304392541666,458.63804675950007,447.6051159111584,465.2969976260708,0.0,0.0,0.0,0.0,,,,,209512.9339075099,209299.5034785975,208040.54282668777,211011.20087979987
forcegen,moderate,0.5,hybrid_minus_substitution,12,1.8333333369942702e-09,-9.499999953366282e-09,-2.7249999979180512e-08,3.350000000549671e-08,0.0,0.0,0.0,0.0,67.78917475558332,68.12691811149999,66.18081463245001,69.2791847396375,0.0,0.0,0.0,0.0,,,,,142365.08130314443,142235.18884977,142186.56440052917,142563.89233317418
forcegen,moderate,1.0,development_minus_substitution,12,-3.305833333281753e-07,-3.1599999994469385e-07,-4.030020833246939e-07,-2.5874791666745854e-07,0.0,0.0,0.0,0.0,673.8548301120834,681.0187808095001,654.3266457761522,691.3082443612625,0.0,0.0,0.0,0.0,,,,,500243.2246835907,499991.0658669975,498525.05078740156,501986.9408569404
forcegen,moderate,1.0,hybrid_minus_substitution,12,-1.6666666565375529e-09,-2.999999970665357e-09,-4.083333328871091e-09,2.4166666540611154e-09,0.0,0.0,0.0,0.0,22.966832715750012,22.517602525,21.220039905633346,24.633329396370836,0.0,0.0,0.0,0.0,,,,,307792.1830688879,308078.5889740245,306970.9859921497,308475.0048189964
forcegen,severe,0.5,development_minus_substitution,12,-2.3583333333410117e-07,-2.399999998736746e-07,-2.7541666664960644e-07,-1.9566666668371923e-07,0.0,0.0,0.0,0.0,120.63160884783333,120.779315196,120.27859785726457,120.92010397551249,0.0,0.0,0.0,0.0,,,,,256302.82014646803,256318.38224204752,256263.25572505654,256341.278876555
forcegen,severe,0.5,hybrid_minus_substitution,12,-4.7416666639395664e-08,-4.7999999919223755e-08,-5.549999998466504e-08,-3.883333330826726e-08,0.0,0.0,0.0,0.0,11.975566279749998,11.998733305499997,11.921767199670834,12.011123814018752,0.0,0.0,0.0,0.0,,,,,149141.26244660243,149171.7021001345,149085.1899949194,149172.13565966234
forcegen,severe,1.0,development_minus_substitution,12,-2.605833333187609e-07,-2.649999999992936e-07,-3.050833333277196e-07,-2.1533333333101368e-07,0.0,0.0,0.0,0.0,263.55356866858335,262.9584463765,260.9501618888812,265.99974238572713,0.0,0.0,0.0,0.0,,,,,551693.9186134693,551709.7716213006,551651.9957486393,551734.6199743367
forcegen,severe,1.0,hybrid_minus_substitution,12,5.750000013164207e-09,5.999999996841891e-09,4.666666654958479e-09,6.833333343614372e-09,0.0,0.0,0.0,0.0,2.8975599653333326,2.9264398169999986,2.7770254167437485,2.999196083620834,0.0,0.0,0.0,0.0,,,,,310674.17359204445,310769.0950517425,310470.78060871724,310814.41673018876
logistics,moderate,0.5,development_minus_substitution,12,0.006048320250000012,0.0,-0.13184873040833334,0.19553042756874997,0.1316242088333333,0.1246413185,0.12453692827499999,0.1398402010875,450846.91058287374,465725.46036687854,419185.1031796429,478025.52098101686,288696.7285019242,304226.17114655895,257330.4882646212,315396.28580720496,0.11429395981728889,0.10880283723518008,0.10694437306274118,0.12260715439950023,51120.0,51120.0,51120.0,51120.0
logistics,moderate,0.5,hybrid_minus_substitution,12,-0.03354319808333337,0.0,-0.08738281163541672,0.008264320010416553,0.06686028933333331,0.06757232599999993,0.06123835467916667,0.07238816157291666,188587.99806243414,197132.16931738704,174990.74667771402,201080.48102872938,130080.27427150968,139893.4993954905,114868.90561656358,144080.29830211372,0.05135722718462294,0.04938958406962579,0.047849696957164456,0.05526876994313996,25560.0,25560.0,25560.0,25560.0
logistics,moderate,1.0,development_minus_substitution,12,-0.04069878591666667,0.0,-0.23464237111041672,0.1502489404145833,0.1852771665833333,0.23445880699999994,0.12356365862916666,0.23979489818749994,1249115.468517942,1294461.0206645392,1160452.0735467256,1323849.8095555834,741112.7715755118,753551.4395936766,691161.9259867099,785935.0119924813,0.23204472469541293,0.22852569156097757,0.22393167961421265,0.24124785800457343,102240.0,102240.0,102240.0,102240.0
logistics,moderate,1.0,hybrid_minus_substitution,12,-0.02271969383333335,0.0,-0.2362954714166667,0.2040214713916666,0.15999811700000002,0.16117043500000006,0.14857041109166672,0.1689945684416667,444411.2499541384,458259.434388879,412909.7975902616,474672.9050622851,280191.80285606015,290525.5713828015,249349.49510106366,309226.4759963734,0.12203477743122819,0.1211079775526499,0.11395896951720072,0.1299968645128464,51120.0,51120.0,51120.0,51120.0
logistics,severe,0.5,development_minus_substitution,12,0.0,0.0,0.0,0.0,0.25419203650000005,0.25409756650000004,0.2388088884083334,0.26865582782708336,172858.50033968966,181384.4836404955,162069.71107441268,182240.13136877771,-2117.8536346606247,7045.9112141514925,-13662.176581998263,7609.777870859678,0.24709999901932267,0.24071020046953306,0.23787527585802204,0.25722476163254443,51120.0,51120.0,51120.0,51120.0
logistics,severe,0.5,hybrid_minus_substitution,12,0.07517021383333333,0.0,0.0,0.2255106415,0.13014913408333337,0.12689364300000006,0.11806772361458336,0.14230718080000002,72466.36882766016,75963.23066307447,68001.8043045519,76417.16850252353,1042.560364006805,4572.336289043917,-4173.011900552915,5777.107908881094,0.11001057112342982,0.10913256241091562,0.10690014795383546,0.11337432959398053,25560.0,25560.0,25560.0,25560.0
logistics,severe,1.0,development_minus_substitution,12,0.0,0.0,0.0,0.0,0.4328159142500001,0.42330177050000006,0.41686562396041676,0.45163270106041675,472475.4652698554,493462.6248478785,443201.9415192516,498927.78932827624,93756.83988149745,115756.73762943695,64971.78037006375,120893.87088213429,0.41079553829404153,0.40327435664884015,0.39930607084658826,0.4238690464003102,102240.0,102240.0,102240.0,102240.0
logistics,severe,1.0,hybrid_minus_substitution,12,0.07520041616666666,0.0,0.0,0.2256012485,0.2602683774166667,0.25306108250000003,0.2506689165770833,0.2711681056,167435.2650569555,172047.21678594605,158312.04455663738,175795.0684901255,-240.14612334028547,3441.5941044309293,-8963.988442009135,8153.913552822735,0.19691886327692412,0.1972884474160046,0.19295076918373372,0.20172406957351915,51120.0,51120.0,51120.0,51120.0
