factor_target,factor_severity,factor_assistance_mode,factor_intensity,n,mean_delta_composite_capability_h30,median_delta_composite_capability_h30,delta_composite_capability_h30_boot95_lo,delta_composite_capability_h30_boot95_hi,mean_delta_q_feasible_h360,median_delta_q_feasible_h360,delta_q_feasible_h360_boot95_lo,delta_q_feasible_h360_boot95_hi,mean_relevant_delta_indigenous_h360,median_relevant_delta_indigenous_h360,relevant_delta_indigenous_h360_boot95_lo,relevant_delta_indigenous_h360_boot95_hi,mean_relevant_delta_demand_h360,median_relevant_delta_demand_h360,relevant_delta_demand_h360_boot95_lo,relevant_delta_demand_h360_boot95_hi,mean_relevant_delta_coverage_capped_h360,median_relevant_delta_coverage_capped_h360,relevant_delta_coverage_capped_h360_boot95_lo,relevant_delta_coverage_capped_h360_boot95_hi,mean_delta_cum_interval_donor_cost_h360,median_delta_cum_interval_donor_cost_h360,delta_cum_interval_donor_cost_h360_boot95_lo,delta_cum_interval_donor_cost_h360_boot95_hi
command,moderate,development,0.5,12,0.006271258333333283,0.0068221404999999,0.005083611685416614,0.006923085022916632,-0.008527252083333325,0.0,-0.04796516814166664,0.02503176499999997,1.0675205770833331,0.9343003639999997,0.09704784118333352,2.03082642599375,-0.7083333333333334,0.0,-2.0833333333333335,0.5833333333333334,0.17144653859651937,0.19677064732512078,0.12826138312497035,0.20609833916145925,1063800.0,1063800.0,1063800.0,1063800.0
command,moderate,development,1.0,12,0.008944820916666629,0.012577345999999951,0.003311291602083326,0.012728764658333277,-0.0601185165,0.0,-0.13411103163333332,0.02317484641666667,2.8355709391666664,1.7287796875000003,0.9237791395854169,4.923754193160415,-0.125,0.0,-1.9166666666666667,1.625,0.20186724564643582,0.23911747449999998,0.1462158066176171,0.24599658442538047,1522800.0,1522800.0,1522800.0,1522800.0
command,moderate,hybrid,0.5,12,0.0031919647499999825,0.003446826,0.002310191979166648,0.004041140506249975,-0.07763422266666664,-1.0345999999994415e-05,-0.14530696567291662,-0.016780467391666633,0.7596087178333333,0.568169894,-0.22328185391250005,1.766279051720833,0.2916666666666667,0.0,-1.2916666666666667,1.9583333333333333,0.0817134351796724,0.07117548165185184,0.07151985742692615,0.09423724595157706,834300.0,834300.0,834300.0,834300.0
command,moderate,hybrid,1.0,12,0.005259518833333265,0.00664738199999995,0.0036863218083332764,0.006610053924999918,0.056324628666666654,0.0,-0.024324858416666675,0.15102080241666666,2.0626798510833333,0.9187792520000002,0.40799713192083314,3.8065197598625,0.8333333333333334,0.0,-1.0833333333333333,2.6666666666666665,0.15334131068189194,0.18016777261538464,0.1069706017473574,0.1951654652993442,1063800.0,1063800.0,1063800.0,1063800.0
command,moderate,none,0.0,12,0.0,0.0,0.0,0.0,0.0,0.0,0.0,0.0,0.0,0.0,0.0,0.0,0.0,0.0,0.0,0.0,0.0,0.0,0.0,0.0,0.0,0.0,0.0,0.0
command,moderate,substitution,0.5,12,0.00031818208333334367,0.0,-3.3196499999970286e-05,0.0009993967499999919,0.009551888333333336,0.0,-0.05454740017291664,0.08988587050416667,-0.5369199025833332,-0.37599939199999977,-0.9968422313479167,-0.13193241261875005,-1.2083333333333333,-0.75,-2.1666666666666665,-0.3333333333333333,0.002964579076551311,0.0,-0.0022696872086674447,0.009916001454331753,604800.0,604800.0,604800.0,604800.0
command,moderate,substitution,1.0,12,-0.0038165928333333383,0.0,-0.012433344672916666,0.004710041249999978,0.07191079591666663,0.03352496949999995,-0.009619385437500017,0.16100341630833326,0.12918331874999997,-0.2226194549999999,-0.81298797841875,1.124620676214583,0.20833333333333334,-0.5,-1.7916666666666667,2.3333333333333335,0.001746082982356572,-2.0029090909090552e-05,-0.007090398697522354,0.013144322493424685,604800.0,604800.0,604800.0,604800.0
command,severe,development,0.5,12,0.005985920833333304,0.0064659929999999494,0.004819340597916645,0.006670426895833309,0.027351648416666676,0.0,-0.008507963,0.09021713908333334,0.5364813733333333,0.477744385,0.23747572175,0.8503458083562498,0.875,0.75,0.4166666666666667,1.375,0.12185853558666666,0.10610156733333331,0.10255639668444443,0.1551426420311111,1063800.0,1063800.0,1063800.0,1063800.0
command,severe,development,1.0,12,0.013245181916666607,0.01359253949999995,0.01286045190624991,0.013591297979166606,-0.02036844724999999,0.0,-0.1143806315,0.09234354735208328,2.0331100198333334,1.761191698,1.1093214366979165,3.0818728657374996,1.625,1.25,0.3333333333333333,3.0833333333333335,0.29819692275933934,0.32121103033333337,0.22768029455418065,0.356557807732696,1522800.0,1522800.0,1522800.0,1522800.0
command,severe,hybrid,0.5,12,0.003161221833333307,0.0033601445,0.0019054394333333227,0.004488479206249989,0.014017879999999991,0.0,-0.03497724508333334,0.062211681166666664,0.036494925999999976,0.0,-0.12176006416666668,0.1871011960979163,-0.25,0.0,-0.9166666666666666,0.3333333333333333,0.02361300454184519,0.02955060619444444,0.011595169394897695,0.034548565908369404,834300.0,834300.0,834300.0,834300.0
command,severe,hybrid,1.0,12,0.01571357091666661,0.0068182514999999,0.005663324164583268,0.031232900347916575,0.053536487083333334,0.0,-0.009672198716666634,0.13736363804791665,0.38882356991666667,0.17815442449999996,-0.09110038701250006,0.9166490190645834,0.041666666666666664,0.0,-1.3333333333333333,1.5,0.08733819554859151,0.0873377763726237,0.06020452816211423,0.11303830084223065,1063800.0,1063800.0,1063800.0,1063800.0
command,severe,none,0.0,12,0.0,0.0,0.0,0.0,0.0,0.0,0.0,0.0,0.0,0.0,0.0,0.0,0.0,0.0,0.0,0.0,0.0,0.0,0.0,0.0,0.0,0.0,0.0,0.0
command,severe,substitution,0.5,12,-0.0037905694166666614,0.0,-0.010535582416666642,0.0,0.03173494391666667,0.0,-0.021074152999999988,0.10513153591666664,0.04286518975000003,0.0,-0.17545966533333335,0.2610186650020834,0.2916666666666667,0.0,-0.75,1.3333333333333333,-0.0007458595729702104,0.0,-0.0021058508295333433,5.393291721612308e-05,604800.0,604800.0,604800.0,604800.0
command,severe,substitution,1.0,12,0.007235251249999983,0.0,-0.0001823667500000012,0.017923223493749946,0.05932180008333333,0.007014799,0.015025759916666668,0.11119596550208329,-0.06477094258333337,0.0,-0.16479938044583342,0.016687807499999992,-0.08333333333333333,0.0,-0.625,0.3333333333333333,-0.0070361355054369724,0.0,-0.01716124544722089,0.000850236348307628,604800.0,604800.0,604800.0,604800.0
forcegen,moderate,development,0.5,12,6.166666658794877e-09,6.499999982700899e-09,5.083333346848444e-09,7.166666649016662e-09,0.0,0.0,0.0,0.0,188.17356955008336,189.7420277575,182.06779832914378,193.47922877231457,0.0,0.0,0.0,0.0,,,,,297000.0,297000.0,297000.0,297000.0
forcegen,moderate,development,1.0,12,1.5416666665490908e-08,1.5999999991578306e-08,1.266666667850321e-08,1.799999999075689e-08,0.0,0.0,0.0,0.0,383.2128662000834,389.1320367260001,367.0566804121125,397.5022644730876,0.0,0.0,0.0,0.0,,,,,594000.0,594000.0,594000.0,594000.0
forcegen,moderate,hybrid,0.5,12,3.099166666631348e-07,3.0550000001960953e-07,2.5808124998240773e-07,3.639999999934436e-07,0.0,0.0,0.0,0.0,-200.84029961975,-201.14999904500002,-202.61822900936667,-198.8811348123542,0.0,0.0,0.0,0.0,,,,,229852.14739563447,230053.2149486055,228372.09162199797,231207.6802423094
forcegen,moderate,hybrid,1.0,12,3.443333333371286e-07,3.2650000003631163e-07,2.719166666831363e-07,4.197520833410887e-07,0.0,0.0,0.0,0.0,-267.67513119625,-267.7808622465,-270.5199942816042,-264.7616930519375,0.0,0.0,0.0,0.0,,,,,401548.9583852971,402161.879129249,399173.4122152169,403780.5558136025
forcegen,moderate,none,0.0,12,0.0,0.0,0.0,0.0,0.0,0.0,0.0,0.0,0.0,0.0,0.0,0.0,0.0,0.0,0.0,0.0,,,,,0.0,0.0,0.0,0.0
forcegen,moderate,substitution,0.5,12,3.080833333261405e-07,2.9000000001389026e-07,2.428333333211648e-07,3.767520833452183e-07,0.0,0.0,0.0,0.0,-268.6294743753333,-268.73593160400003,-271.839263912725,-265.1761166477104,0.0,0.0,0.0,0.0,,,,,87487.06609249009,87700.4965214025,85970.92380186608,88966.93984536431
forcegen,moderate,substitution,1.0,12,3.459999999936662e-07,3.2999999993732487e-07,2.7533333334569165e-07,4.21418749988837e-07,0.0,0.0,0.0,0.0,-290.641963912,-290.815374936,-294.49032694434794,-286.47753007100414,0.0,0.0,0.0,0.0,,,,,93756.77531640926,94008.9341330025,92000.09968549122,95471.72480366968
forcegen,severe,development,0.5,12,1.0000000087255028e-09,9.999999717180683e-10,6.666666755676213e-10,1.3333333418833841e-09,0.0,0.0,0.0,0.0,62.25159235125,62.394871549499996,61.91159048803749,62.51769319508958,0.0,0.0,0.0,0.0,,,,,297000.0,297000.0,297000.0,297000.0
forcegen,severe,development,1.0,12,2.7500000054914153e-09,2.999999970665357e-09,2.166666651648441e-09,3.333333340830673e-09,0.0,0.0,0.0,0.0,202.21287399733333,201.551968119,199.5443542570604,204.70194762970212,0.0,0.0,0.0,0.0,,,,,594000.0,594000.0,594000.0,594000.0
forcegen,severe,hybrid,0.5,12,1.8941666670343102e-07,1.930000000371912e-07,1.5625000003086086e-07,2.2166875004864247e-07,0.0,0.0,0.0,0.0,-46.40445021683333,-46.421328011,-46.4642698031,-46.347377840997915,0.0,0.0,0.0,0.0,,,,,189838.44230013437,189847.008600036,189762.2859203765,189899.15467472275
forcegen,severe,hybrid,1.0,12,2.690833333374165e-07,2.74500000008171e-07,2.212500000061309e-07,3.1500000001021453e-07,0.0,0.0,0.0,0.0,-58.44313470591666,-58.473585406,-58.5749008889271,-58.31717779971874,0.0,0.0,0.0,0.0,,,,,352980.2549785752,353082.188402673,352761.3226736503,353137.40514918143
forcegen,severe,none,0.0,12,0.0,0.0,0.0,0.0,0.0,0.0,0.0,0.0,0.0,0.0,0.0,0.0,0.0,0.0,0.0,0.0,,,,,0.0,0.0,0.0,0.0
forcegen,severe,substitution,0.5,12,2.3683333334282666e-07,2.4099999995641497e-07,1.949166666859644e-07,2.7716666666441345e-07,0.0,0.0,0.0,0.0,-58.38001649658333,-58.3596935335,-58.43736000593334,-58.32337589273542,0.0,0.0,0.0,0.0,,,,,40697.179853532005,40681.617757952496,40657.57987307938,40736.03882108342
forcegen,severe,substitution,1.0,12,2.633333333242523e-07,2.6799999996995894e-07,2.1774791665180036e-07,3.0800000000464715e-07,0.0,0.0,0.0,0.0,-61.34069467125,-61.3164424085,-61.40037865747084,-61.28122937445,0.0,0.0,0.0,0.0,,,,,42306.08138653066,42290.2283786995,42265.412757526894,42348.152050908335
logistics,moderate,development,0.5,12,0.07422501033333333,0.0,-0.009292399333333317,0.22794395214375,-0.009841236999999966,-0.00728526449999995,-0.013958376685416617,-0.006008482195833317,450846.91058287374,465725.46036687854,418946.9685965504,477832.86352011876,500847.3229993982,515891.8559662425,468639.71011924656,527893.5219434256,-0.024270572192861006,-0.023219819057010094,-0.026182358128400675,-0.022676453019828423,2211120.0,2211120.0,2211120.0,2211120.0
logistics,moderate,development,1.0,12,0.07770063883333331,0.018985146,0.011250000083333324,0.20048222182708333,-0.057746399749999976,-0.00757438599999995,-0.1146200726770833,-0.006568204499999976,1249115.468517942,1294461.0206645392,1158298.533740148,1323809.4338953323,1164705.5012811522,1176070.5175178042,1114909.4039510489,1209470.2560652576,-0.005018133675216169,0.0006886358070624099,-0.011082341514206392,0.0008342210409211409,4422240.0,4422240.0,4422240.0,4422240.0
logistics,moderate,hybrid,0.5,12,0.03463349199999996,0.024375411,0.014888990749999975,0.05629818896458325,-0.07460515649999998,-0.07279920100000001,-0.08057354754374998,-0.06952759248541665,188587.99806243414,197132.16931738704,174728.54963685354,201471.10948210635,342230.86876898375,351578.23222301854,327423.5805463286,355715.4103475069,-0.08720730482552695,-0.0832474939282607,-0.0934060404808132,-0.08179465136498604,2185560.0,2185560.0,2185560.0,2185560.0
logistics,moderate,hybrid,1.0,12,0.09567973091666665,0.0,0.009502738416666658,0.249352897,-0.08302544933333326,-0.07504820599999995,-0.0949649985416666,-0.07257099432916658,444411.2499541384,458259.434388879,413925.3855571162,474366.16639401997,703784.5325617007,714361.964828008,673071.9842795867,733086.9853754085,-0.11502808093940088,-0.10914414999848987,-0.12363767365265212,-0.10740792550983218,4371120.0,4371120.0,4371120.0,4371120.0
logistics,moderate,none,0.0,12,0.0,0.0,0.0,0.0,0.0,0.0,0.0,0.0,0.0,0.0,0.0,0.0,0.0,0.0,0.0,0.0,0.0,0.0,0.0,0.0,0.0,0.0,0.0,0.0
logistics,moderate,substitution,0.5,12,0.06817669008333332,0.0,0.011027910333333333,0.13545737958333331,-0.1414654458333333,-0.13522546649999995,-0.15124479999791662,-0.1326605051604166,0.0,0.0,0.0,0.0,212150.59449747406,212175.99989215704,211793.4100849773,212493.1001333704,-0.13856453201014987,-0.13209723993900857,-0.14836816807465897,-0.1295281560682818,2160000.0,2160000.0,2160000.0,2160000.0
logistics,moderate,substitution,1.0,12,0.11839942475,0.0,0.019279381416666658,0.27277703524999997,-0.2430235663333333,-0.23445880699999994,-0.25762178728333335,-0.23078638861666662,0.0,0.0,0.0,0.0,423592.7297056404,423312.4309307445,423055.62729619414,424178.1878385736,-0.23706285837062913,-0.2276731458412926,-0.2516521122711802,-0.2249097568016361,4320000.0,4320000.0,4320000.0,4320000.0
logistics,severe,development,0.5,12,0.0,0.0,0.0,0.0,-0.03553551149999998,-0.034674386,-0.04200359424999997,-0.028688699064583302,172858.50033968966,181384.4836404955,162020.40192961026,182358.38337310572,209928.73680699416,218681.45431029052,198070.34761420847,220367.8803353772,-0.04366041930413616,-0.04363039111759043,-0.04538564389498487,-0.04197781344033598,2211120.0,2211120.0,2211120.0,2211120.0
logistics,severe,development,1.0,12,0.0,0.0,0.0,0.0,-0.027482523499999925,-0.02924797099999995,-0.031165413527083265,-0.023269425912499902,472475.4652698554,493462.6248478785,443221.7115289928,498845.1123529642,517251.51456041844,539120.8967146284,486226.34671264957,544199.5346713454,-0.03506614831676306,-0.034730151640270324,-0.0366032774121383,-0.033663920807984145,4422240.0,4422240.0,4422240.0,4422240.0
logistics,severe,hybrid,0.5,12,0.07517021383333333,0.0,0.0,0.2255106415,-0.15957841391666666,-0.155602735,-0.16690320168125,-0.1532223127375,72466.36882766016,75963.23066307447,68051.9595611923,76447.58446198485,213089.1508056616,216540.85022259294,207729.20301964702,218072.53278944243,-0.18074984720002893,-0.17344930444027884,-0.1893937416361324,-0.17350122852801994,2185560.0,2185560.0,2185560.0,2185560.0
logistics,severe,hybrid,1.0,12,0.07520041616666666,0.0,0.0,0.2256012485,-0.2000300603333333,-0.19922076099999997,-0.21062753381249996,-0.18967190306249995,167435.2650569555,172047.21678594605,158476.85684734044,175745.14699003796,423254.52855558065,427466.3326243439,413810.0130134369,432089.6980885858,-0.24894282333388043,-0.24250577270240148,-0.25941976923918514,-0.24010050240156863,4371120.0,4371120.0,4371120.0,4371120.0
logistics,severe,none,0.0,12,0.0,0.0,0.0,0.0,0.0,0.0,0.0,0.0,0.0,0.0,0.0,0.0,0.0,0.0,0.0,0.0,0.0,0.0,0.0,0.0,0.0,0.0,0.0,0.0
logistics,severe,substitution,0.5,12,0.0,0.0,0.0,0.0,-0.289727548,-0.288177218,-0.30632151191041673,-0.27346146947708333,0.0,0.0,0.0,0.0,212046.5904416548,212508.41501376103,210873.83654053038,213061.54028182937,-0.29076041832345884,-0.283735581805919,-0.30165130519885913,-0.2811859720067958,2160000.0,2160000.0,2160000.0,2160000.0
logistics,severe,substitution,1.0,12,0.0,0.0,0.0,0.0,-0.4602984377499999,-0.450398954,-0.47675004469374993,-0.44605882944375,0.0,0.0,0.0,0.0,423494.67467892094,423641.189384612,422982.5572423956,423979.3273207147,-0.44586168661080455,-0.4380031086909621,-0.46051135634480944,-0.4331385805499543,4320000.0,4320000.0,4320000.0,4320000.0
