factor_structure,factor_capacity_level,factor_capacity_level_index,factor_support_intensity,n,mean_delta_capability_h30,median_delta_capability_h30,delta_capability_h30_boot95_lo,delta_capability_h30_boot95_hi,delta_capability_h30_q10,delta_capability_h30_q90,mean_delta_q_feasible_h360,median_delta_q_feasible_h360,delta_q_feasible_h360_boot95_lo,delta_q_feasible_h360_boot95_hi,delta_q_feasible_h360_q10,delta_q_feasible_h360_q90,effective_seed_count,effective_seed_fraction,effective_seed_fraction_wilson95_lo,effective_seed_fraction_wilson95_hi,trap_seed_count,trap_seed_fraction,trap_seed_fraction_wilson95_lo,trap_seed_fraction_wilson95_hi,build_seed_count,build_seed_fraction,build_seed_fraction_wilson95_lo,build_seed_fraction_wilson95_hi,trap_fraction_among_effective,trap_among_effective_wilson95_lo,trap_among_effective_wilson95_hi,build_fraction_among_effective,build_among_effective_wilson95_lo,build_among_effective_wilson95_hi,phase_regime,robust_phase_regime
balanced_capacity,0.4,1,0.0,12,0.0,0.0,0.0,0.0,0.0,0.0,0.0,0.0,0.0,0.0,0.0,0.0,0,0.0,2.7755575615628914e-17,0.24249400665524085,0,0.0,2.7755575615628914e-17,0.24249400665524085,0,0.0,2.7755575615628914e-17,0.24249400665524085,,,,,,,not_initially_effective,robust_not_initially_effective
balanced_capacity,0.4,1,0.25,12,0.019946603083333316,0.027595842500000002,0.010021847583333333,0.029799718347916646,0.0,0.03650786139999991,-0.027916896333333285,-0.027949769,-0.02890687977291661,-0.02688406928958329,-0.03006165149999991,-0.02646663609999991,7,0.5833333333333334,0.31951131254954973,0.8067396863412435,7,0.5833333333333334,0.31951131254954973,0.8067396863412435,0,0.0,2.7755575615628914e-17,0.24249400665524085,1.0,0.6456695649333126,1.0,0.0,5.551115123125783e-17,0.35433043506668743,effective_autonomy_trap,robust_effective_autonomy_trap
balanced_capacity,0.4,1,0.5,12,0.044158616749999956,0.04368778549999995,0.0195202073333333,0.07150219537708326,0.0,0.11517232329999992,-0.054051579333333315,-0.0537081375,-0.05597728566458328,-0.05221311219166665,-0.058365812999999905,-0.051080984600000004,7,0.5833333333333334,0.31951131254954973,0.8067396863412435,7,0.5833333333333334,0.31951131254954973,0.8067396863412435,0,0.0,2.7755575615628914e-17,0.24249400665524085,1.0,0.6456695649333126,1.0,0.0,5.551115123125783e-17,0.35433043506668743,effective_autonomy_trap,robust_effective_autonomy_trap
balanced_capacity,0.4,1,0.75,12,0.060323508249999984,0.07189416600000001,0.032629813083333334,0.08806900953541663,0.0,0.1128811704999999,-0.08080672591666661,-0.08119590749999996,-0.08288763584791661,-0.07882959018124996,-0.0852069878999999,-0.07601796389999999,8,0.6666666666666666,0.39062208887279953,0.8618799089087867,8,0.6666666666666666,0.39062208887279953,0.8618799089087867,0,0.0,2.7755575615628914e-17,0.24249400665524085,1.0,0.6755924351161198,1.0,0.0,0.0,0.32440756488388023,effective_autonomy_trap,robust_effective_autonomy_trap
balanced_capacity,0.4,1,1.0,12,0.06349671991666664,0.08442415049999996,0.031193936166666658,0.0971675975645833,0.0,0.11234195149999991,-0.10501180049999997,-0.10569281349999995,-0.10775233736666663,-0.10224720251249991,-0.1105436483,-0.0978815266,7,0.5833333333333334,0.31951131254954973,0.8067396863412435,7,0.5833333333333334,0.31951131254954973,0.8067396863412435,0,0.0,2.7755575615628914e-17,0.24249400665524085,1.0,0.6456695649333126,1.0,0.0,5.551115123125783e-17,0.35433043506668743,effective_autonomy_trap,robust_effective_autonomy_trap
balanced_capacity,0.4,1,1.5,12,0.09320619458333333,0.12443802799999995,0.05490433225625,0.13028685279791663,0.0,0.1597690780999999,-0.1497823569166666,-0.15019620049999993,-0.15338611837291663,-0.14632033177291662,-0.1560291434999999,-0.1412966136999999,8,0.6666666666666666,0.39062208887279953,0.8618799089087867,8,0.6666666666666666,0.39062208887279953,0.8618799089087867,0,0.0,2.7755575615628914e-17,0.24249400665524085,1.0,0.6755924351161198,1.0,0.0,0.0,0.32440756488388023,effective_autonomy_trap,robust_effective_autonomy_trap
balanced_capacity,0.4,1,2.0,12,0.08942576524999996,0.1214390824999999,0.04559896553958329,0.13334301741666663,0.0,0.17898096659999999,-0.18720626591666667,-0.18854397750000002,-0.19257176950416663,-0.18184890174374999,-0.19656591889999997,-0.17460431099999998,7,0.5833333333333334,0.31951131254954973,0.8067396863412435,7,0.5833333333333334,0.31951131254954973,0.8067396863412435,0,0.0,2.7755575615628914e-17,0.24249400665524085,1.0,0.6456695649333126,1.0,0.0,5.551115123125783e-17,0.35433043506668743,effective_autonomy_trap,robust_effective_autonomy_trap
balanced_capacity,0.55,2,0.0,12,0.0,0.0,0.0,0.0,0.0,0.0,0.0,0.0,0.0,0.0,0.0,0.0,0,0.0,2.7755575615628914e-17,0.24249400665524085,0,0.0,2.7755575615628914e-17,0.24249400665524085,0,0.0,2.7755575615628914e-17,0.24249400665524085,,,,,,,not_initially_effective,robust_not_initially_effective
balanced_capacity,0.55,2,0.25,12,0.005055609833333309,0.00590926999999995,0.003580221372916658,0.006174166466666649,0.0005099697000000004,0.006612578900000001,-0.020884119166666607,-0.02050961799999995,-0.021622828035416607,-0.020252271891666618,-0.02276416469999999,-0.02004874399999999,10,0.8333333333333334,0.5519691377470266,0.9530348578161463,10,0.8333333333333334,0.5519691377470266,0.9530348578161463,0,0.0,2.7755575615628914e-17,0.24249400665524085,1.0,0.7224672001371107,0.9999999999999999,0.0,0.0,0.2775327998628892,effective_autonomy_trap,robust_effective_autonomy_trap
balanced_capacity,0.55,2,0.5,12,0.0068538801666666255,0.0105532394999999,0.0036477143333333087,0.010020105281249948,0.0,0.01242838679999991,-0.041006725916666625,-0.04065852649999995,-0.042416503662499966,-0.03980817817499997,-0.0445380512,-0.03877607439999991,7,0.5833333333333334,0.31951131254954973,0.8067396863412435,7,0.5833333333333334,0.31951131254954973,0.8067396863412435,0,0.0,2.7755575615628914e-17,0.24249400665524085,1.0,0.6456695649333126,1.0,0.0,5.551115123125783e-17,0.35433043506668743,effective_autonomy_trap,robust_effective_autonomy_trap
balanced_capacity,0.55,2,0.75,12,0.008567911583333308,0.00745307549999995,0.0039939887499999835,0.013383600720833293,0.0,0.0183428904999999,-0.06008321383333329,-0.05909587499999995,-0.06217905180208325,-0.05827915262708332,-0.0653570563999999,-0.05701903729999999,6,0.5,0.2537815976337061,0.7462184023662939,6,0.5,0.2537815976337061,0.7462184023662939,0,0.0,2.7755575615628914e-17,0.24249400665524085,1.0,0.6096657120978346,1.0,0.0,2.7755575615628914e-17,0.3903342879021653,effective_autonomy_trap,robust_effective_autonomy_trap
balanced_capacity,0.55,2,1.0,12,0.012578289916666643,0.01790565799999995,0.0066081050520833,0.01854756437499994,0.0,0.0240041109999999,-0.07756603316666662,-0.07680522999999995,-0.07965609122291661,-0.07569210627083331,-0.08196114909999991,-0.07355536709999991,7,0.5833333333333334,0.31951131254954973,0.8067396863412435,7,0.5833333333333334,0.31951131254954973,0.8067396863412435,0,0.0,2.7755575615628914e-17,0.24249400665524085,1.0,0.6456695649333126,1.0,0.0,5.551115123125783e-17,0.35433043506668743,effective_autonomy_trap,robust_effective_autonomy_trap
balanced_capacity,0.55,2,1.5,12,0.0230600180833333,0.027130029499999903,0.010251392249999967,0.03815587774166663,0.0,0.0343171197999999,-0.11156180366666663,-0.1109464094999999,-0.1142288880083333,-0.10941816941874996,-0.1139534212,-0.10778315029999999,7,0.5833333333333334,0.31951131254954973,0.8067396863412435,7,0.5833333333333334,0.31951131254954973,0.8067396863412435,0,0.0,2.7755575615628914e-17,0.24249400665524085,1.0,0.6456695649333126,1.0,0.0,5.551115123125783e-17,0.35433043506668743,effective_autonomy_trap,robust_effective_autonomy_trap
balanced_capacity,0.55,2,2.0,12,0.02765457649999997,0.038574213999999954,0.016809185010416627,0.0382383682166666,0.0,0.0438126257999999,-0.14622469783333328,-0.14323152399999994,-0.1524462103958333,-0.1411018673729166,-0.1575330539,-0.1388249153999999,8,0.6666666666666666,0.39062208887279953,0.8618799089087867,8,0.6666666666666666,0.39062208887279953,0.8618799089087867,0,0.0,2.7755575615628914e-17,0.24249400665524085,1.0,0.6755924351161198,1.0,0.0,0.0,0.32440756488388023,effective_autonomy_trap,robust_effective_autonomy_trap
balanced_capacity,0.7,3,0.0,12,0.0,0.0,0.0,0.0,0.0,0.0,0.0,0.0,0.0,0.0,0.0,0.0,0,0.0,2.7755575615628914e-17,0.24249400665524085,0,0.0,2.7755575615628914e-17,0.24249400665524085,0,0.0,2.7755575615628914e-17,0.24249400665524085,,,,,,,not_initially_effective,robust_not_initially_effective
balanced_capacity,0.7,3,0.25,12,0.0002762798333332835,0.0015359349999999,-0.003466087250000033,0.002555524841666609,0.0,0.00352315629999999,-0.016172580416666624,-0.01656844549999995,-0.017834314779166627,-0.014040254987499959,-0.019800248999999912,-0.014963948799999901,8,0.6666666666666666,0.39062208887279953,0.8618799089087867,8,0.6666666666666666,0.39062208887279953,0.8618799089087867,0,0.0,2.7755575615628914e-17,0.24249400665524085,1.0,0.6755924351161198,1.0,0.0,0.0,0.32440756488388023,effective_autonomy_trap,uncertain_or_mixed
balanced_capacity,0.7,3,0.5,12,0.004321621999999967,0.00606872949999995,0.0025352877041666584,0.005981363399999932,0.0,0.0070945326999999,-0.03537260733333327,-0.03406767599999995,-0.037871847743749916,-0.03296118033124991,-0.040353195399999896,-0.0303934186999999,9,0.75,0.46769466506643426,0.9110583316059453,9,0.75,0.46769466506643426,0.9110583316059453,0,0.0,2.7755575615628914e-17,0.24249400665524085,1.0,0.7008549515804559,1.0,0.0,0.0,0.2991450484195441,effective_autonomy_trap,robust_effective_autonomy_trap
balanced_capacity,0.7,3,0.75,12,0.005541525333333325,0.007771516500000001,0.0012875800520833495,0.00936998446666665,0.0,0.01111828259999999,-0.050310309249999935,-0.04815530149999985,-0.05300606223541661,-0.047860061627083235,-0.057573212500000005,-0.0459848785999999,8,0.6666666666666666,0.39062208887279953,0.8618799089087867,8,0.6666666666666666,0.39062208887279953,0.8618799089087867,0,0.0,2.7755575615628914e-17,0.24249400665524085,1.0,0.6755924351161198,1.0,0.0,0.0,0.32440756488388023,effective_autonomy_trap,robust_effective_autonomy_trap
balanced_capacity,0.7,3,1.0,12,0.051726395416666626,0.01313727199999995,0.005122120833333316,0.13975112241874996,0.0,0.0202877417999999,-0.06694048391666661,-0.06344066999999995,-0.0706309697395833,-0.06355124846041657,-0.0757565781999999,-0.06130637489999999,8,0.6666666666666666,0.39062208887279953,0.8618799089087867,8,0.6666666666666666,0.39062208887279953,0.8618799089087867,0,0.0,2.7755575615628914e-17,0.24249400665524085,1.0,0.6755924351161198,1.0,0.0,0.0,0.32440756488388023,effective_autonomy_trap,robust_effective_autonomy_trap
balanced_capacity,0.7,3,1.5,12,0.007806736749999985,0.0092386235,-0.008163162783333327,0.020102681460416646,0.0,0.029221590400000004,-0.09662582249999997,-0.094051743,-0.10033083825833332,-0.09336278219166662,-0.1046535563,-0.09041499019999999,8,0.6666666666666666,0.39062208887279953,0.8618799089087867,8,0.6666666666666666,0.39062208887279953,0.8618799089087867,0,0.0,2.7755575615628914e-17,0.24249400665524085,1.0,0.6755924351161198,1.0,0.0,0.0,0.32440756488388023,effective_autonomy_trap,uncertain_or_mixed
balanced_capacity,0.7,3,2.0,12,0.0697239763333333,0.01809431549999995,0.009070997637499984,0.18208193994583333,0.0,0.0318946158999999,-0.1269383184166666,-0.1220229575,-0.13388495456041663,-0.12039246211458327,-0.1410545278999999,-0.1160446676999999,8,0.6666666666666666,0.39062208887279953,0.8618799089087867,8,0.6666666666666666,0.39062208887279953,0.8618799089087867,0,0.0,2.7755575615628914e-17,0.24249400665524085,1.0,0.6755924351161198,1.0,0.0,0.0,0.32440756488388023,effective_autonomy_trap,robust_effective_autonomy_trap
balanced_capacity,0.85,4,0.0,12,0.0,0.0,0.0,0.0,0.0,0.0,0.0,0.0,0.0,0.0,0.0,0.0,0,0.0,2.7755575615628914e-17,0.24249400665524085,0,0.0,2.7755575615628914e-17,0.24249400665524085,0,0.0,2.7755575615628914e-17,0.24249400665524085,,,,,,,not_initially_effective,robust_not_initially_effective
balanced_capacity,0.85,4,0.25,12,0.0051105878333333075,0.001575024,0.0014138187499999743,0.011204691127083267,8.009999999947233e-08,0.00586107949999991,-0.008349550333333308,-0.007492496,-0.012845661331249964,-0.0039903497499999925,-0.017471595999999992,0.0,9,0.75,0.46769466506643426,0.9110583316059453,3,0.25,0.08894166839405471,0.5323053349335657,0,0.0,2.7755575615628914e-17,0.24249400665524085,0.3333333333333333,0.1205838183869109,0.6457978644196036,0.0,0.0,0.2991450484195441,effective_autonomy_trap,robust_effective_autonomy_trap
balanced_capacity,0.85,4,0.5,12,0.01435806041666663,0.003117802,0.0027838877062499666,0.03239762731041663,7.259769999999006e-05,0.0400718009,-0.018931795249999966,-0.0303148969999999,-0.02744763862083331,-0.010443442535416642,-0.033511188000000004,0.0,10,0.8333333333333334,0.5519691377470266,0.9530348578161463,5,0.4166666666666667,0.19326031365875665,0.6804886874504503,0,0.0,2.7755575615628914e-17,0.24249400665524085,0.5,0.236593090512564,0.7634069094874361,0.0,0.0,0.2775327998628892,effective_autonomy_trap,robust_effective_autonomy_trap
balanced_capacity,0.85,4,0.75,12,0.0028548360000000012,0.0019124019999999498,-0.00011899738124998059,0.006320797485416667,-1.115549999994858e-05,0.008111895299999993,-0.0176235118333333,-0.0059523674999999495,-0.029662517166666624,-0.005975283327083308,-0.04900622039999999,0.0,9,0.75,0.46769466506643426,0.9110583316059453,4,0.3333333333333333,0.13812009109121315,0.6093779111272004,0,0.0,2.7755575615628914e-17,0.24249400665524085,0.4444444444444444,0.18877852109766452,0.733348706504507,0.0,0.0,0.2991450484195441,effective_autonomy_trap,uncertain_or_mixed
balanced_capacity,0.85,4,1.0,12,0.015529249666666656,0.0049313659999999995,0.003247875820833331,0.034901635895833304,7.465000000372869e-07,0.030281156100000012,-0.04178025349999997,-0.058345169499999947,-0.10705626001249997,0.024874127547916645,-0.0674959968999999,0.03314008530000002,10,0.8333333333333334,0.5519691377470266,0.9530348578161463,8,0.6666666666666666,0.39062208887279953,0.8618799089087867,2,0.16666666666666666,0.04696514218385378,0.4480308622529734,0.8,0.49016247153664183,0.9433178485456247,0.2,0.05668215145437519,0.5098375284633583,effective_autonomy_trap,effective_autonomy_direction_uncertain
balanced_capacity,0.85,4,1.5,12,0.09170130308333328,0.01409089299999995,0.008995809102083297,0.23319235662916662,0.00031419089999996247,0.1450998481,-0.05854494691666661,-0.05866638099999995,-0.0764484478124999,-0.04086654458541663,-0.09581946279999991,-0.02261124279999999,10,0.8333333333333334,0.5519691377470266,0.9530348578161463,10,0.8333333333333334,0.5519691377470266,0.9530348578161463,0,0.0,2.7755575615628914e-17,0.24249400665524085,1.0,0.7224672001371107,0.9999999999999999,0.0,0.0,0.2775327998628892,effective_autonomy_trap,robust_effective_autonomy_trap
balanced_capacity,0.85,4,2.0,12,0.02684984033333329,0.00338566049999995,0.003787213791666632,0.060161182712499955,0.00019880959999999255,0.07704497559999991,-0.10682054708333327,-0.0644503584999999,-0.16607368185624996,-0.06511675175624991,-0.1739932681,-0.0487044669999999,10,0.8333333333333334,0.5519691377470266,0.9530348578161463,10,0.8333333333333334,0.5519691377470266,0.9530348578161463,0,0.0,2.7755575615628914e-17,0.24249400665524085,1.0,0.7224672001371107,0.9999999999999999,0.0,0.0,0.2775327998628892,effective_autonomy_trap,robust_effective_autonomy_trap
balanced_capacity,1.0,5,0.0,12,0.0,0.0,0.0,0.0,0.0,0.0,0.0,0.0,0.0,0.0,0.0,0.0,0,0.0,2.7755575615628914e-17,0.24249400665524085,0,0.0,2.7755575615628914e-17,0.24249400665524085,0,0.0,2.7755575615628914e-17,0.24249400665524085,,,,,,,not_initially_effective,robust_not_initially_effective
balanced_capacity,1.0,5,0.25,12,0.004589886166666596,0.0024380824999999003,0.002191114199999925,0.007148046885416615,0.00010401489999995263,0.0111433511,-0.0337791458333333,-0.013354879999999951,-0.10266774893958328,0.03436808409583338,-0.24320758929999986,0.0,11,0.9166666666666666,0.646120088858883,0.9851349055950829,8,0.6666666666666666,0.39062208887279953,0.8618799089087867,1,0.08333333333333333,0.014865094404917095,0.35387991114111694,0.7272727272727273,0.43435469882387084,0.902539407099751,0.09090909090909091,0.016232172885884855,0.37735843645159567,effective_autonomy_trap,effective_autonomy_direction_uncertain
balanced_capacity,1.0,5,0.5,12,0.006889955333333295,0.0036379859999999,0.002515411174999951,0.011856461889583291,2.6779999999893003e-06,0.021383268399999992,-0.0015463631666666198,-0.026269867499999898,-0.06817751021458326,0.06651856122083336,-0.032084486199999894,0.1978005753000001,12,1.0,0.7575059933447592,1.0,9,0.75,0.46769466506643426,0.9110583316059453,2,0.16666666666666666,0.04696514218385378,0.4480308622529734,0.75,0.46769466506643426,0.9110583316059453,0.16666666666666666,0.04696514218385378,0.4480308622529734,effective_autonomy_trap,effective_autonomy_direction_uncertain
balanced_capacity,1.0,5,0.75,12,0.010459746999999969,0.005199764,0.003923804072916639,0.017932812860416616,4.099200000073911e-06,0.03136042039999991,0.006413370916666698,-0.03885475649999991,-0.08275826249374994,0.09990418047499999,-0.1400574534999999,0.2236949853,11,0.9166666666666666,0.646120088858883,0.9851349055950829,8,0.6666666666666666,0.39062208887279953,0.8618799089087867,2,0.16666666666666666,0.04696514218385378,0.4480308622529734,0.7272727272727273,0.43435469882387084,0.902539407099751,0.18181818181818182,0.05136768974608513,0.4769805619608442,effective_autonomy_building,effective_autonomy_direction_uncertain
balanced_capacity,1.0,5,1.0,12,0.01641985624999995,0.0070068164999999,0.0050483815083333,0.03249294882499993,4.101900000019753e-06,0.0392069231,-0.09275697283333333,-0.052190318,-0.1894702747375,0.011156694870833357,-0.3206526975,0.07429956840000004,12,1.0,0.7575059933447592,1.0,10,0.8333333333333334,0.5519691377470266,0.9530348578161463,2,0.16666666666666666,0.04696514218385378,0.4480308622529734,0.8333333333333334,0.5519691377470266,0.9530348578161463,0.16666666666666666,0.04696514218385378,0.4480308622529734,effective_autonomy_trap,effective_autonomy_direction_uncertain
balanced_capacity,1.0,5,1.5,12,0.014296550499999965,0.0084758239999999,0.0016467383520833239,0.02815586793333331,0.000610580099999988,0.05558695110000002,-0.15250820074999996,-0.07841104999999995,-0.21922991158125,-0.09043974966874994,-0.3124506506,-0.057469598599999915,11,0.9166666666666666,0.646120088858883,0.9851349055950829,11,0.9166666666666666,0.646120088858883,0.9851349055950829,0,0.0,2.7755575615628914e-17,0.24249400665524085,1.0,0.7411670330319684,1.0,0.0,0.0,0.2588329669680317,effective_autonomy_trap,robust_effective_autonomy_trap
balanced_capacity,1.0,5,2.0,12,0.03264077874999993,0.01349385949999995,0.011504066914583302,0.0606700350416666,0.0007165425000000417,0.07956860119999991,-0.07884640374999995,-0.0962221355,-0.11420623497708329,-0.030239734720833297,-0.15174940449999996,-0.058018274899999896,12,1.0,0.7575059933447592,1.0,11,0.9166666666666666,0.646120088858883,0.9851349055950829,1,0.08333333333333333,0.014865094404917095,0.35387991114111694,0.9166666666666666,0.646120088858883,0.9851349055950829,0.08333333333333333,0.014865094404917095,0.35387991114111694,effective_autonomy_trap,robust_effective_autonomy_trap
command_constrained,0.2,1,0.0,12,0.0,0.0,0.0,0.0,0.0,0.0,0.0,0.0,0.0,0.0,0.0,0.0,0,0.0,2.7755575615628914e-17,0.24249400665524085,0,0.0,2.7755575615628914e-17,0.24249400665524085,0,0.0,2.7755575615628914e-17,0.24249400665524085,,,,,,,not_initially_effective,robust_not_initially_effective
command_constrained,0.2,1,0.25,12,0.002361285333333313,0.001288618,0.0011372991187499875,0.003669313939583319,2.0760000001285312e-07,0.00583973839999999,-0.10859133966666663,-0.0131436605,-0.27350490277499995,0.022327195652083284,-0.3817447281,0.13260300209999995,9,0.75,0.46769466506643426,0.9110583316059453,7,0.5833333333333334,0.31951131254954973,0.8067396863412435,2,0.16666666666666666,0.04696514218385378,0.4480308622529734,0.7777777777777778,0.45258896910698887,0.9367748928821533,0.2222222222222222,0.06322510711784671,0.5474110308930111,effective_autonomy_trap,effective_autonomy_direction_uncertain
command_constrained,0.2,1,0.5,12,0.005612545749999909,0.00275303499999995,0.0027901729645832354,0.008913297252083242,0.0016054681999999,0.0124452579999999,-0.023959156666666617,-0.0200177154999999,-0.07529176356458327,0.023736749375000043,-0.07918163499999999,0.002275031700000001,12,1.0,0.7575059933447592,1.0,8,0.6666666666666666,0.39062208887279953,0.8618799089087867,2,0.16666666666666666,0.04696514218385378,0.4480308622529734,0.6666666666666666,0.39062208887279953,0.8618799089087867,0.16666666666666666,0.04696514218385378,0.4480308622529734,effective_autonomy_trap,effective_autonomy_direction_uncertain
command_constrained,0.2,1,0.75,12,0.0038081458333333335,0.004318552,-0.0034051234791666577,0.009569037370833325,-0.0018320130999999094,0.013947276500000001,0.010454827416666682,-0.011881898,-0.018823636279166646,0.05071611216666668,-0.03443788889999999,0.08207535810000001,10,0.8333333333333334,0.5519691377470266,0.9530348578161463,4,0.3333333333333333,0.13812009109121315,0.6093779111272004,3,0.25,0.08894166839405471,0.5323053349335657,0.4,0.16818032970623614,0.6873262302663417,0.3,0.10779126740630099,0.6032218525388546,effective_autonomy_building,uncertain_or_mixed
command_constrained,0.2,1,1.0,12,0.01065086316666662,0.006014284499999949,0.0046934398166666395,0.01728158473541662,0.00032858909999995147,0.0261282083,0.07963990500000002,-0.03185942699999995,-0.01591120202916662,0.22268326832708332,-0.0365421951999999,0.1828873299,11,0.9166666666666666,0.646120088858883,0.9851349055950829,7,0.5833333333333334,0.31951131254954973,0.8067396863412435,4,0.3333333333333333,0.13812009109121315,0.6093779111272004,0.6363636363636364,0.35380117450784887,0.8483352890463243,0.36363636363636365,0.15166471095367573,0.6461988254921511,effective_autonomy_building,effective_autonomy_direction_uncertain
command_constrained,0.2,1,1.5,12,0.01834778883333329,0.020095476,0.013368864256249958,0.0229096161895833,0.0078409889999999,0.02719825499999999,-0.04311094874999999,-0.0468269485,-0.1618835661270833,0.08600998415416658,-0.21695902089999988,4.4647999999958296e-05,12,1.0,0.7575059933447592,1.0,8,0.6666666666666666,0.39062208887279953,0.8618799089087867,3,0.25,0.08894166839405471,0.5323053349335657,0.6666666666666666,0.39062208887279953,0.8618799089087867,0.25,0.08894166839405471,0.5323053349335657,effective_autonomy_trap,effective_autonomy_direction_uncertain
command_constrained,0.2,1,2.0,12,0.01871965133333328,0.01472811249999995,0.01017286534791664,0.02838557573333325,0.0010194725999999755,0.0439713041999999,-0.11896612316666666,-0.058308771999999995,-0.28299772502708337,0.05071581922499984,-0.5395439163000001,0.10708019929999996,10,0.8333333333333334,0.5519691377470266,0.9530348578161463,7,0.5833333333333334,0.31951131254954973,0.8067396863412435,2,0.16666666666666666,0.04696514218385378,0.4480308622529734,0.7,0.39677814746114537,0.8922087325936989,0.2,0.05668215145437519,0.5098375284633583,effective_autonomy_trap,effective_autonomy_direction_uncertain
command_constrained,0.3,2,0.0,12,0.0,0.0,0.0,0.0,0.0,0.0,0.0,0.0,0.0,0.0,0.0,0.0,0,0.0,2.7755575615628914e-17,0.24249400665524085,0,0.0,2.7755575615628914e-17,0.24249400665524085,0,0.0,2.7755575615628914e-17,0.24249400665524085,,,,,,,not_initially_effective,robust_not_initially_effective
command_constrained,0.3,2,0.25,12,0.003008824083333281,0.00146806349999995,0.0016305829833333058,0.004602917460416606,0.00084217019999999,0.0063576945999999,0.03156191766666667,-0.012635534,-0.013842334108333316,0.10320188457499986,-0.02038769519999991,0.12022550720000003,11,0.9166666666666666,0.646120088858883,0.9851349055950829,7,0.5833333333333334,0.31951131254954973,0.8067396863412435,3,0.25,0.08894166839405471,0.5323053349335657,0.6363636363636364,0.35380117450784887,0.8483352890463243,0.2727272727272727,0.09746059290024889,0.5656453011761291,effective_autonomy_building,effective_autonomy_direction_uncertain
command_constrained,0.3,2,0.5,12,0.005432511999999962,0.00334894099999995,0.002516694631249967,0.009364153810416657,3.391100000060823e-06,0.00941299369999991,-0.04056269758333332,-0.019564086999999952,-0.1344250610083333,0.04152212785624998,-0.2114283414,0.17293517730000008,10,0.8333333333333334,0.5519691377470266,0.9530348578161463,6,0.5,0.2537815976337061,0.7462184023662939,2,0.16666666666666666,0.04696514218385378,0.4480308622529734,0.6,0.31267376973365824,0.8318196702937638,0.2,0.05668215145437519,0.5098375284633583,effective_autonomy_trap,effective_autonomy_direction_uncertain
command_constrained,0.3,2,0.75,12,0.006048935416666641,0.0037297344999999,0.0030034275708333497,0.009590445931249959,0.0003481004000000002,0.014742041999999912,0.012918893000000013,-0.01343480749999995,-0.11966951394166665,0.14852782418749996,-0.24998706989999991,0.33101602350000003,11,0.9166666666666666,0.646120088858883,0.9851349055950829,6,0.5,0.2537815976337061,0.7462184023662939,3,0.25,0.08894166839405471,0.5323053349335657,0.5454545454545454,0.280091537409322,0.7872872837754024,0.2727272727272727,0.09746059290024889,0.5656453011761291,effective_autonomy_building,effective_autonomy_direction_uncertain
command_constrained,0.3,2,1.0,12,0.00553210849999997,0.00465897249999995,0.00020259964791663647,0.010532418979166645,6.147700000047609e-06,0.0181936517,-0.021091254333333323,-0.034094297999999953,-0.14545036961875002,0.10349638950416662,-0.3476109589999999,0.22045931569999994,11,0.9166666666666666,0.646120088858883,0.9851349055950829,7,0.5833333333333334,0.31951131254954973,0.8067396863412435,2,0.16666666666666666,0.04696514218385378,0.4480308622529734,0.6363636363636364,0.35380117450784887,0.8483352890463243,0.18181818181818182,0.05136768974608513,0.4769805619608442,effective_autonomy_trap,effective_autonomy_direction_uncertain
command_constrained,0.3,2,1.5,12,0.013431947083333317,0.0082501224999999,0.005529202799999971,0.022834253983333302,-2.1102000000494664e-06,0.0361101075,0.0006721209166666865,-0.04720157649999995,-0.09369825263541666,0.10608971156249987,-0.22664522329999987,0.3114219321000001,10,0.8333333333333334,0.5519691377470266,0.9530348578161463,7,0.5833333333333334,0.31951131254954973,0.8067396863412435,2,0.16666666666666666,0.04696514218385378,0.4480308622529734,0.7,0.39677814746114537,0.8922087325936989,0.2,0.05668215145437519,0.5098375284633583,effective_autonomy_building,effective_autonomy_direction_uncertain
command_constrained,0.3,2,2.0,12,0.013028250166666644,0.012171909,-7.627597083334085e-05,0.02654126877916661,-0.0008905452999999066,0.033928725099999994,-0.04731802033333332,-0.06289529249999995,-0.12681048664999997,0.03477597753124998,-0.23543051639999998,0.17162277170000004,10,0.8333333333333334,0.5519691377470266,0.9530348578161463,6,0.5,0.2537815976337061,0.7462184023662939,3,0.25,0.08894166839405471,0.5323053349335657,0.6,0.31267376973365824,0.8318196702937638,0.3,0.10779126740630099,0.6032218525388546,effective_autonomy_trap,uncertain_or_mixed
command_constrained,0.4,3,0.0,12,0.0,0.0,0.0,0.0,0.0,0.0,0.0,0.0,0.0,0.0,0.0,0.0,0,0.0,2.7755575615628914e-17,0.24249400665524085,0,0.0,2.7755575615628914e-17,0.24249400665524085,0,0.0,2.7755575615628914e-17,0.24249400665524085,,,,,,,not_initially_effective,robust_not_initially_effective
command_constrained,0.4,3,0.25,12,0.0013310791666666137,0.0013999044999999499,0.0010065603583332876,0.0016179437354166164,0.0007764389999999,0.0018012624,-0.04733458458333331,-0.011543157,-0.16096832558541668,0.04772829899791663,-0.3443417296,0.15883467499999998,12,1.0,0.7575059933447592,1.0,7,0.5833333333333334,0.31951131254954973,0.8067396863412435,3,0.25,0.08894166839405471,0.5323053349335657,0.5833333333333334,0.31951131254954973,0.8067396863412435,0.25,0.08894166839405471,0.5323053349335657,effective_autonomy_trap,effective_autonomy_direction_uncertain
command_constrained,0.4,3,0.5,12,0.004245260249999975,0.00242816999999995,0.0006307579104166657,0.00928040147083329,1.304199999996314e-06,0.009224493699999902,-0.06621983308333332,-0.02220392949999995,-0.13493796127083332,-0.014460061681249968,-0.21837733769999998,0.0,11,0.9166666666666666,0.646120088858883,0.9851349055950829,9,0.75,0.46769466506643426,0.9110583316059453,1,0.08333333333333333,0.014865094404917095,0.35387991114111694,0.8181818181818182,0.523019438039156,0.9486323102539149,0.09090909090909091,0.016232172885884855,0.37735843645159567,effective_autonomy_trap,robust_effective_autonomy_trap
command_constrained,0.4,3,0.75,12,-0.0024589391666667007,0.004439363499999949,-0.014734599862499998,0.00516055006874995,-0.015486477299999917,0.0065384484999999005,0.0020651335833333554,-0.030119578499999952,-0.13971005772083334,0.1452396754270833,-0.1885967480999999,0.41776490390000004,10,0.8333333333333334,0.5519691377470266,0.9530348578161463,7,0.5833333333333334,0.31951131254954973,0.8067396863412435,3,0.25,0.08894166839405471,0.5323053349335657,0.7,0.39677814746114537,0.8922087325936989,0.3,0.10779126740630099,0.6032218525388546,not_initially_effective,uncertain_or_mixed
command_constrained,0.4,3,1.0,12,0.005160729749999971,0.0049576949999999495,0.003085273122916634,0.00770801636041666,0.0011164547999999899,0.0081472859,-0.051759915416666635,-0.0376344255,-0.1367189105083333,0.046557023362499915,-0.2492625740999999,0.0020919710000000106,12,1.0,0.7575059933447592,1.0,10,0.8333333333333334,0.5519691377470266,0.9530348578161463,2,0.16666666666666666,0.04696514218385378,0.4480308622529734,0.8333333333333334,0.5519691377470266,0.9530348578161463,0.16666666666666666,0.04696514218385378,0.4480308622529734,effective_autonomy_trap,effective_autonomy_direction_uncertain
command_constrained,0.4,3,1.5,12,0.015891216499999954,0.010526210000000001,0.008203979539583295,0.024797761902083288,0.0031918998,0.0392085959999999,0.02590672725000002,0.0,-0.053504828635416626,0.10077351283958332,-0.059871238599999904,0.1780649778,12,1.0,0.7575059933447592,1.0,5,0.4166666666666667,0.19326031365875665,0.6804886874504503,5,0.4166666666666667,0.19326031365875665,0.6804886874504503,0.4166666666666667,0.19326031365875665,0.6804886874504503,0.4166666666666667,0.19326031365875665,0.6804886874504503,effective_autonomy_building,effective_autonomy_direction_uncertain
command_constrained,0.4,3,2.0,12,0.014038104416666626,0.012005469999999949,0.008307880697916652,0.021103587685416633,0.00348387719999991,0.02455165569999991,-0.13387043583333333,-0.08726840799999995,-0.23811991218958334,-0.031330973112500014,-0.2949567432,0.10643764110000016,11,0.9166666666666666,0.646120088858883,0.9851349055950829,9,0.75,0.46769466506643426,0.9110583316059453,2,0.16666666666666666,0.04696514218385378,0.4480308622529734,0.8181818181818182,0.523019438039156,0.9486323102539149,0.18181818181818182,0.05136768974608513,0.4769805619608442,effective_autonomy_trap,robust_effective_autonomy_trap
command_constrained,0.55,4,0.0,12,0.0,0.0,0.0,0.0,0.0,0.0,0.0,0.0,0.0,0.0,0.0,0.0,0,0.0,2.7755575615628914e-17,0.24249400665524085,0,0.0,2.7755575615628914e-17,0.24249400665524085,0,0.0,2.7755575615628914e-17,0.24249400665524085,,,,,,,not_initially_effective,robust_not_initially_effective
command_constrained,0.55,4,0.25,12,-0.003331986750000005,0.00129948499999995,-0.011659741939583275,0.001294342168749954,-0.0030859151999998997,0.00179549999999999,0.03822147225000002,-0.0113939614999999,-0.01470903511874996,0.09768076873749994,-0.0259487359999999,0.19933186209999998,9,0.75,0.46769466506643426,0.9110583316059453,5,0.4166666666666667,0.19326031365875665,0.6804886874504503,4,0.3333333333333333,0.13812009109121315,0.6093779111272004,0.5555555555555556,0.26665129349549305,0.8112214789023355,0.4444444444444444,0.18877852109766452,0.733348706504507,not_initially_effective,uncertain_or_mixed
command_constrained,0.55,4,0.5,12,-0.0031712462500000076,0.0025416764999999,-0.009138617633333316,0.002103631883333324,-0.016867623299999912,0.00506048979999991,-0.021748636333333318,-0.019370068999999948,-0.0909452592708333,0.04844828027916666,-0.1891083053,0.16617567800000005,7,0.5833333333333334,0.31951131254954973,0.8067396863412435,5,0.4166666666666667,0.19326031365875665,0.6804886874504503,1,0.08333333333333333,0.014865094404917095,0.35387991114111694,0.7142857142857143,0.35893445183261935,0.9177810759959433,0.14285714285714285,0.02567962434474355,0.5131278292743189,not_initially_effective,uncertain_or_mixed
command_constrained,0.55,4,0.75,12,0.00345983374999996,0.00504853549999995,-0.0008894668895833636,0.006650744231249962,0.00022568569999991433,0.0083706707,0.012595557833333352,-0.02010329949999995,-0.0676411590458333,0.09139856032083327,-0.19602831309999988,0.1785503222,11,0.9166666666666666,0.646120088858883,0.9851349055950829,7,0.5833333333333334,0.31951131254954973,0.8067396863412435,4,0.3333333333333333,0.13812009109121315,0.6093779111272004,0.6363636363636364,0.35380117450784887,0.8483352890463243,0.36363636363636365,0.15166471095367573,0.6461988254921511,effective_autonomy_building,uncertain_or_mixed
command_constrained,0.55,4,1.0,12,0.004958770749999967,0.007051132499999949,0.0008835066791666417,0.008072929287499975,-0.003167636999999999,0.00967622499999991,-0.029530852666666652,-0.03626352749999995,-0.12303367677291663,0.05567274849999998,-0.2157577266,0.16134801690000003,10,0.8333333333333334,0.5519691377470266,0.9530348578161463,6,0.5,0.2537815976337061,0.7462184023662939,3,0.25,0.08894166839405471,0.5323053349335657,0.6,0.31267376973365824,0.8318196702937638,0.3,0.10779126740630099,0.6032218525388546,effective_autonomy_trap,effective_autonomy_direction_uncertain
command_constrained,0.55,4,1.5,12,0.011397844333333275,0.0103027894999999,0.005422891097916641,0.01911532475208325,0.0033386403999999003,0.01488343069999999,0.0797129330833333,0.14051525199999992,-0.02093107562083336,0.16988966198333325,-0.2167292212,0.22018470739999998,11,0.9166666666666666,0.646120088858883,0.9851349055950829,4,0.3333333333333333,0.13812009109121315,0.6093779111272004,7,0.5833333333333334,0.31951131254954973,0.8067396863412435,0.36363636363636365,0.15166471095367573,0.6461988254921511,0.6363636363636364,0.35380117450784887,0.8483352890463243,effective_autonomy_building,effective_autonomy_direction_uncertain
command_constrained,0.55,4,2.0,12,0.01041193308333327,0.00981617599999995,0.006904799904166608,0.013727296864583271,0.0013504989999999905,0.01915107429999991,-0.007164356166666635,-0.0669192304999999,-0.08019699051249993,0.06771397387916667,-0.0776382806999999,0.17604936059999993,12,1.0,0.7575059933447592,1.0,8,0.6666666666666666,0.39062208887279953,0.8618799089087867,4,0.3333333333333333,0.13812009109121315,0.6093779111272004,0.6666666666666666,0.39062208887279953,0.8618799089087867,0.3333333333333333,0.13812009109121315,0.6093779111272004,effective_autonomy_trap,effective_autonomy_direction_uncertain
command_constrained,0.7,5,0.0,12,0.0,0.0,0.0,0.0,0.0,0.0,0.0,0.0,0.0,0.0,0.0,0.0,0,0.0,2.7755575615628914e-17,0.24249400665524085,0,0.0,2.7755575615628914e-17,0.24249400665524085,0,0.0,2.7755575615628914e-17,0.24249400665524085,,,,,,,not_initially_effective,robust_not_initially_effective
command_constrained,0.7,5,0.25,12,-0.0002840179999999954,0.00103130599999995,-0.0022837888791666116,0.0013223890687499586,-0.004912996199999909,0.0024309730000000003,-0.041806108083333314,-0.01051806699999995,-0.11532097407083329,0.027345511416666628,-0.2343631009,0.10656607629999995,9,0.75,0.46769466506643426,0.9110583316059453,7,0.5833333333333334,0.31951131254954973,0.8067396863412435,2,0.16666666666666666,0.04696514218385378,0.4480308622529734,0.7777777777777778,0.45258896910698887,0.9367748928821533,0.2222222222222222,0.06322510711784671,0.5474110308930111,not_initially_effective,uncertain_or_mixed
command_constrained,0.7,5,0.5,12,0.003812097916666633,0.003105221,0.002742667318749967,0.005148649514583316,0.0020173897,0.007830657699999992,0.040886550833333375,-0.0158256634999999,-0.05937681030416662,0.1403889826354166,-0.18495711989999997,0.201526557,12,1.0,0.7575059933447592,1.0,7,0.5833333333333334,0.31951131254954973,0.8067396863412435,5,0.4166666666666667,0.19326031365875665,0.6804886874504503,0.5833333333333334,0.31951131254954973,0.8067396863412435,0.4166666666666667,0.19326031365875665,0.6804886874504503,effective_autonomy_building,effective_autonomy_direction_uncertain
command_constrained,0.7,5,0.75,12,0.005003041416666641,0.00469270949999995,0.003696433324999975,0.006791952864583307,0.002776859,0.0058758517,-0.037094791583333286,-0.026544335000000002,-0.09838599492708325,0.028187291660416634,-0.20079329499999987,-0.0024090415999999813,12,1.0,0.7575059933447592,1.0,10,0.8333333333333334,0.5519691377470266,0.9530348578161463,1,0.08333333333333333,0.014865094404917095,0.35387991114111694,0.8333333333333334,0.5519691377470266,0.9530348578161463,0.08333333333333333,0.014865094404917095,0.35387991114111694,effective_autonomy_trap,effective_autonomy_direction_uncertain
command_constrained,0.7,5,1.0,12,0.004644555749999975,0.005350993,0.002289594697916634,0.007025091162499973,4.200939999990301e-05,0.009821012999999901,-0.016479653749999986,-0.03262103349999995,-0.08538325090416661,0.05384459699583328,-0.1988717340999999,0.15727045359999997,11,0.9166666666666666,0.646120088858883,0.9851349055950829,6,0.5,0.2537815976337061,0.7462184023662939,4,0.3333333333333333,0.13812009109121315,0.6093779111272004,0.5454545454545454,0.280091537409322,0.7872872837754024,0.36363636363636365,0.15166471095367573,0.6461988254921511,effective_autonomy_trap,effective_autonomy_direction_uncertain
command_constrained,0.7,5,1.5,12,0.010262636999999962,0.0079401935,0.0024233943166666163,0.021290524383333315,0.0024999167999999,0.014337135800000001,-0.04163563324999996,-0.04566087649999995,-0.14410823555624994,0.055962935477083336,-0.2295172272999999,0.1476151008,11,0.9166666666666666,0.646120088858883,0.9851349055950829,7,0.5833333333333334,0.31951131254954973,0.8067396863412435,4,0.3333333333333333,0.13812009109121315,0.6093779111272004,0.6363636363636364,0.35380117450784887,0.8483352890463243,0.36363636363636365,0.15166471095367573,0.6461988254921511,effective_autonomy_trap,effective_autonomy_direction_uncertain
command_constrained,0.7,5,2.0,12,0.012469687083333311,0.01364859999999995,0.006388313672916651,0.017042237133333308,0.0074722424999999005,0.01982417239999999,-0.09190736124999997,-0.07548690849999995,-0.18516173478749995,-0.0030013834125000314,-0.24523026389999988,0.10049251999999997,11,0.9166666666666666,0.646120088858883,0.9851349055950829,9,0.75,0.46769466506643426,0.9110583316059453,2,0.16666666666666666,0.04696514218385378,0.4480308622529734,0.8181818181818182,0.523019438039156,0.9486323102539149,0.18181818181818182,0.05136768974608513,0.4769805619608442,effective_autonomy_trap,robust_effective_autonomy_trap
forcegen_constrained,0.1,1,0.0,12,0.0,0.0,0.0,0.0,0.0,0.0,0.0,0.0,0.0,0.0,0.0,0.0,0,0.0,2.7755575615628914e-17,0.24249400665524085,0,0.0,2.7755575615628914e-17,0.24249400665524085,0,0.0,2.7755575615628914e-17,0.24249400665524085,,,,,,,not_initially_effective,robust_not_initially_effective
forcegen_constrained,0.1,1,0.25,12,0.0028205342499999704,0.0018166405000000002,0.0002964468020833163,0.005410676945833274,0.00012508440000003334,0.009829828199999911,-0.022322434749999943,-0.0143987264999999,-0.03484651417499993,-0.012905302677083296,-0.045734322099999995,-0.00999362149999999,11,0.9166666666666666,0.646120088858883,0.9851349055950829,11,0.9166666666666666,0.646120088858883,0.9851349055950829,0,0.0,2.7755575615628914e-17,0.24249400665524085,1.0,0.7411670330319684,1.0,0.0,0.0,0.2588329669680317,effective_autonomy_trap,robust_effective_autonomy_trap
forcegen_constrained,0.1,1,0.5,12,0.005957193999999965,0.00433087049999995,-0.001457452460416651,0.012919887362499964,0.00184667029999991,0.01721244019999999,-0.015876217583333314,-0.0191021834999999,-0.10742941033541666,0.0704850739687499,-0.19761758469999996,0.18967810779999994,11,0.9166666666666666,0.646120088858883,0.9851349055950829,7,0.5833333333333334,0.31951131254954973,0.8067396863412435,4,0.3333333333333333,0.13812009109121315,0.6093779111272004,0.6363636363636364,0.35380117450784887,0.8483352890463243,0.36363636363636365,0.15166471095367573,0.6461988254921511,effective_autonomy_trap,uncertain_or_mixed
forcegen_constrained,0.1,1,0.75,12,0.0013056935833333134,0.00325404799999995,-0.0027190572333333396,0.004692672795833305,-0.007224490699999899,0.0050079935999999894,-0.01517851799999998,-0.03012487149999995,-0.09347739644791664,0.06598486151250002,-0.2049107184,0.204994634,10,0.8333333333333334,0.5519691377470266,0.9530348578161463,7,0.5833333333333334,0.31951131254954973,0.8067396863412435,2,0.16666666666666666,0.04696514218385378,0.4480308622529734,0.7,0.39677814746114537,0.8922087325936989,0.2,0.05668215145437519,0.5098375284633583,effective_autonomy_trap,uncertain_or_mixed
forcegen_constrained,0.1,1,1.0,12,0.004562870416666626,0.0054583479999999,-0.0006498966916666931,0.009064455641666599,-7.110899999973606e-06,0.013598921699999902,-0.033857825749999945,-0.03539771199999995,-0.08133344439166658,0.012988058935416661,-0.1136722881999999,0.0,10,0.8333333333333334,0.5519691377470266,0.9530348578161463,6,0.5,0.2537815976337061,0.7462184023662939,1,0.08333333333333333,0.014865094404917095,0.35387991114111694,0.6,0.31267376973365824,0.8318196702937638,0.1,0.017876213095072896,0.4041500267952385,effective_autonomy_trap,uncertain_or_mixed
forcegen_constrained,0.1,1,1.5,12,0.0090964935833333,0.008654054,0.0058747065249999675,0.012310436799999956,0.0005477835999999843,0.01616437609999991,-0.043625062416666645,-0.04500915949999995,-0.11638547402499996,0.02740284036875,-0.22074670349999997,0.05522852340000002,12,1.0,0.7575059933447592,1.0,8,0.6666666666666666,0.39062208887279953,0.8618799089087867,2,0.16666666666666666,0.04696514218385378,0.4480308622529734,0.6666666666666666,0.39062208887279953,0.8618799089087867,0.16666666666666666,0.04696514218385378,0.4480308622529734,effective_autonomy_trap,effective_autonomy_direction_uncertain
forcegen_constrained,0.1,1,2.0,12,0.012724955999999973,0.011405212500000001,0.005697223306249997,0.020494802524999963,-0.003270866299999913,0.028512802400000006,-0.10608904941666664,-0.0702230385,-0.1805859671916666,-0.05112547412291665,-0.2474307978,-0.03490111099999999,10,0.8333333333333334,0.5519691377470266,0.9530348578161463,9,0.75,0.46769466506643426,0.9110583316059453,0,0.0,2.7755575615628914e-17,0.24249400665524085,0.9,0.5958499732047615,0.9821237869049271,0.0,0.0,0.2775327998628892,effective_autonomy_trap,robust_effective_autonomy_trap
forcegen_constrained,0.15,2,0.0,12,0.0,0.0,0.0,0.0,0.0,0.0,0.0,0.0,0.0,0.0,0.0,0.0,0,0.0,2.7755575615628914e-17,0.24249400665524085,0,0.0,2.7755575615628914e-17,0.24249400665524085,0,0.0,2.7755575615628914e-17,0.24249400665524085,,,,,,,not_initially_effective,robust_not_initially_effective
forcegen_constrained,0.15,2,0.25,12,0.002820553166666632,0.0018166554999999,0.00021736486666663887,0.005412121764583307,0.00012510539999997295,0.009829848400000002,-0.02232243483333328,-0.0143987264999999,-0.03517819355208328,-0.01297218967916659,-0.0457343222,-0.00999362149999999,11,0.9166666666666666,0.646120088858883,0.9851349055950829,11,0.9166666666666666,0.646120088858883,0.9851349055950829,0,0.0,2.7755575615628914e-17,0.24249400665524085,1.0,0.7411670330319684,1.0,0.0,0.0,0.2588329669680317,effective_autonomy_trap,robust_effective_autonomy_trap
forcegen_constrained,0.15,2,0.5,12,0.005957229083333317,0.00433090099999995,-0.0012258132895833168,0.012882810437499982,0.00184671419999991,0.017212465400000092,-0.01587621749999997,-0.0191021834999999,-0.11162703991250002,0.06974095508125,-0.19761758469999996,0.18967810779999994,11,0.9166666666666666,0.646120088858883,0.9851349055950829,7,0.5833333333333334,0.31951131254954973,0.8067396863412435,4,0.3333333333333333,0.13812009109121315,0.6093779111272004,0.6363636363636364,0.35380117450784887,0.8483352890463243,0.36363636363636365,0.15166471095367573,0.6461988254921511,effective_autonomy_trap,uncertain_or_mixed
forcegen_constrained,0.15,2,0.75,12,0.0013057398333333095,0.0032540929999999,-0.0027820887562499895,0.004667649181249937,-0.007224460699999902,0.00500804099999999,-0.015178517999999983,-0.03012487149999995,-0.09330749659791666,0.06476352782916664,-0.2049107184,0.20499463410000002,10,0.8333333333333334,0.5519691377470266,0.9530348578161463,7,0.5833333333333334,0.31951131254954973,0.8067396863412435,2,0.16666666666666666,0.04696514218385378,0.4480308622529734,0.7,0.39677814746114537,0.8922087325936989,0.2,0.05668215145437519,0.5098375284633583,effective_autonomy_trap,uncertain_or_mixed
forcegen_constrained,0.15,2,1.0,12,0.004562927583333302,0.0054583965000000005,-0.0006186364604166975,0.009096215381249958,-7.048399999987074e-06,0.013598973399999912,-0.03385782549999995,-0.0353977115,-0.08004974044999992,0.013970933254166712,-0.1136722881999999,0.0,10,0.8333333333333334,0.5519691377470266,0.9530348578161463,6,0.5,0.2537815976337061,0.7462184023662939,1,0.08333333333333333,0.014865094404917095,0.35387991114111694,0.6,0.31267376973365824,0.8318196702937638,0.1,0.017876213095072896,0.4041500267952385,effective_autonomy_trap,uncertain_or_mixed
forcegen_constrained,0.15,2,1.5,12,0.009096570166666615,0.0086541539999999,0.0058376525020833155,0.012310707277083277,0.0005478653000000208,0.01616445959999999,-0.0436250623333333,-0.045009158999999896,-0.11581285495416663,0.02662206636458331,-0.22074670349999997,0.05522852340000002,12,1.0,0.7575059933447592,1.0,8,0.6666666666666666,0.39062208887279953,0.8618799089087867,2,0.16666666666666666,0.04696514218385378,0.4480308622529734,0.6666666666666666,0.39062208887279953,0.8618799089087867,0.16666666666666666,0.04696514218385378,0.4480308622529734,effective_autonomy_trap,effective_autonomy_direction_uncertain
forcegen_constrained,0.15,2,2.0,12,0.012725055916666644,0.0114053419999999,0.005803802010416686,0.020557453214583295,-0.0032707703999999057,0.028512880499999914,-0.10608904941666664,-0.0702230385,-0.18116558933958332,-0.05200308698749998,-0.2474307978,-0.03490111099999999,10,0.8333333333333334,0.5519691377470266,0.9530348578161463,9,0.75,0.46769466506643426,0.9110583316059453,0,0.0,2.7755575615628914e-17,0.24249400665524085,0.9,0.5958499732047615,0.9821237869049271,0.0,0.0,0.2775327998628892,effective_autonomy_trap,robust_effective_autonomy_trap
forcegen_constrained,0.25,3,0.0,12,0.0,0.0,0.0,0.0,0.0,0.0,0.0,0.0,0.0,0.0,0.0,0.0,0,0.0,2.7755575615628914e-17,0.24249400665524085,0,0.0,2.7755575615628914e-17,0.24249400665524085,0,0.0,2.7755575615628914e-17,0.24249400665524085,,,,,,,not_initially_effective,robust_not_initially_effective
forcegen_constrained,0.25,3,0.25,12,0.002820586749999987,0.001816683,0.00029447573333333973,0.0054443436083333,0.00012514430000003845,0.009829883900000001,-0.022322434999999943,-0.0143987274999999,-0.0348564601833333,-0.013068321937499926,-0.045734323099999995,-0.00999362149999999,11,0.9166666666666666,0.646120088858883,0.9851349055950829,11,0.9166666666666666,0.646120088858883,0.9851349055950829,0,0.0,2.7755575615628914e-17,0.24249400665524085,1.0,0.7411670330319684,1.0,0.0,0.0,0.2588329669680317,effective_autonomy_trap,robust_effective_autonomy_trap
forcegen_constrained,0.25,3,0.5,12,0.0059572915833332836,0.00433095549999995,-0.0011757900041666914,0.013057599993749924,0.0018467912,0.017212510699999902,-0.01587621766666664,-0.0191021834999999,-0.10958025948749998,0.0696464096875,-0.19761758469999996,0.18967810779999994,11,0.9166666666666666,0.646120088858883,0.9851349055950829,7,0.5833333333333334,0.31951131254954973,0.8067396863412435,4,0.3333333333333333,0.13812009109121315,0.6093779111272004,0.6363636363636364,0.35380117450784887,0.8483352890463243,0.36363636363636365,0.15166471095367573,0.6461988254921511,effective_autonomy_trap,uncertain_or_mixed
forcegen_constrained,0.25,3,0.75,12,0.0013058187499999556,0.0032541714999999,-0.002672826141666682,0.004676475104166586,-0.007224409799999906,0.0050081131999999,-0.015178517999999997,-0.03012487199999995,-0.09499979166458333,0.06682035324791664,-0.2049107184,0.20499463410000002,10,0.8333333333333334,0.5519691377470266,0.9530348578161463,7,0.5833333333333334,0.31951131254954973,0.8067396863412435,2,0.16666666666666666,0.04696514218385378,0.4480308622529734,0.7,0.39677814746114537,0.8922087325936989,0.2,0.05668215145437519,0.5098375284633583,effective_autonomy_trap,uncertain_or_mixed
forcegen_constrained,0.25,3,1.0,12,0.004563023583333286,0.0054584824999999,-0.0008203821833333609,0.009033352131249936,-6.939600000066547e-06,0.01359906139999999,-0.03385782566666661,-0.03539771199999995,-0.0797729772187499,0.0137709350541667,-0.1136722881999999,0.0,10,0.8333333333333334,0.5519691377470266,0.9530348578161463,6,0.5,0.2537815976337061,0.7462184023662939,1,0.08333333333333333,0.014865094404917095,0.35387991114111694,0.6,0.31267376973365824,0.8318196702937638,0.1,0.017876213095072896,0.4041500267952385,effective_autonomy_trap,uncertain_or_mixed
forcegen_constrained,0.25,3,1.5,12,0.009096642166666627,0.0086542485,0.0059179388062499515,0.012310447364583291,0.0005479216999999708,0.016164564,-0.0436250623333333,-0.045009158999999896,-0.11656263183749996,0.025685311175000006,-0.22074670349999997,0.05522852340000002,12,1.0,0.7575059933447592,1.0,8,0.6666666666666666,0.39062208887279953,0.8618799089087867,2,0.16666666666666666,0.04696514218385378,0.4480308622529734,0.6666666666666666,0.39062208887279953,0.8618799089087867,0.16666666666666666,0.04696514218385378,0.4480308622529734,effective_autonomy_trap,effective_autonomy_direction_uncertain
forcegen_constrained,0.25,3,2.0,12,0.012725053333333304,0.0114052859999999,0.00568783064375002,0.0207864083604166,-0.0032708189999999054,0.028512897399999904,-0.10608904916666666,-0.0702230375,-0.18142810870624995,-0.05157219675833336,-0.2474307978,-0.03490111099999999,10,0.8333333333333334,0.5519691377470266,0.9530348578161463,9,0.75,0.46769466506643426,0.9110583316059453,0,0.0,2.7755575615628914e-17,0.24249400665524085,0.9,0.5958499732047615,0.9821237869049271,0.0,0.0,0.2775327998628892,effective_autonomy_trap,robust_effective_autonomy_trap
forcegen_constrained,0.4,4,0.0,12,0.0,0.0,0.0,0.0,0.0,0.0,0.0,0.0,0.0,0.0,0.0,0.0,0,0.0,2.7755575615628914e-17,0.24249400665524085,0,0.0,2.7755575615628914e-17,0.24249400665524085,0,0.0,2.7755575615628914e-17,0.24249400665524085,,,,,,,not_initially_effective,robust_not_initially_effective
forcegen_constrained,0.4,4,0.25,12,0.002822409999999952,0.0018166849999999499,0.00030034190416665873,0.0054178395708332746,0.00012512429999991445,0.009829853799999993,-0.021936568833333277,-0.013013285499999899,-0.03474372870208329,-0.012442380393749907,-0.045734323199999996,-0.00996552679999999,11,0.9166666666666666,0.646120088858883,0.9851349055950829,11,0.9166666666666666,0.646120088858883,0.9851349055950829,0,0.0,2.7755575615628914e-17,0.24249400665524085,1.0,0.7411670330319684,1.0,0.0,0.0,0.2588329669680317,effective_autonomy_trap,robust_effective_autonomy_trap
forcegen_constrained,0.4,4,0.5,12,0.008635843583333292,0.005427808500000001,0.004568748287499958,0.014148733383333285,0.0024029053,0.0172125032999999,-0.016122350416666657,-0.01954665349999995,-0.11143888485416663,0.06798499474374996,-0.19761758469999996,0.18967810779999994,12,1.0,0.7575059933447592,1.0,8,0.6666666666666666,0.39062208887279953,0.8618799089087867,4,0.3333333333333333,0.13812009109121315,0.6093779111272004,0.6666666666666666,0.39062208887279953,0.8618799089087867,0.3333333333333333,0.13812009109121315,0.6093779111272004,effective_autonomy_trap,effective_autonomy_direction_uncertain
forcegen_constrained,0.4,4,0.75,12,0.0013057884999999707,0.0032541595,-0.0027959454333333768,0.004701016268749977,-0.007224438099999991,0.0050081471999999004,-0.015178518166666653,-0.03012487199999995,-0.09298112136874995,0.06618991798125,-0.2049107184,0.20499463320000003,10,0.8333333333333334,0.5519691377470266,0.9530348578161463,7,0.5833333333333334,0.31951131254954973,0.8067396863412435,2,0.16666666666666666,0.04696514218385378,0.4480308622529734,0.7,0.39677814746114537,0.8922087325936989,0.2,0.05668215145437519,0.5098375284633583,effective_autonomy_trap,uncertain_or_mixed
forcegen_constrained,0.4,4,1.0,12,0.0045629951666666555,0.00545852149999995,-0.000739916079166665,0.009029729141666647,-7.047199999965501e-06,0.013599057399999913,-0.033857825666666626,-0.03539771199999995,-0.07988300423124996,0.012383896631250028,-0.11367228729999998,0.0,10,0.8333333333333334,0.5519691377470266,0.9530348578161463,6,0.5,0.2537815976337061,0.7462184023662939,1,0.08333333333333333,0.014865094404917095,0.35387991114111694,0.6,0.31267376973365824,0.8318196702937638,0.1,0.017876213095072896,0.4041500267952385,effective_autonomy_trap,uncertain_or_mixed
forcegen_constrained,0.4,4,1.5,12,0.009096678249999959,0.00865434049999995,0.005838232179166642,0.012285278543749919,0.0005478934999999878,0.01616462489999999,-0.043625062333333305,-0.04500915899999995,-0.11705288604791667,0.02682066413541666,-0.22074670349999997,0.05522852340000002,12,1.0,0.7575059933447592,1.0,8,0.6666666666666666,0.39062208887279953,0.8618799089087867,2,0.16666666666666666,0.04696514218385378,0.4480308622529734,0.6666666666666666,0.39062208887279953,0.8618799089087867,0.16666666666666666,0.04696514218385378,0.4480308622529734,effective_autonomy_trap,effective_autonomy_direction_uncertain
forcegen_constrained,0.4,4,2.0,12,0.012725130916666634,0.01140531499999995,0.005885740481249985,0.02073454802916661,-0.00327074889999999,0.028512925199999917,-0.1060890488333333,-0.07022303649999995,-0.18227841556874994,-0.05132927702291667,-0.2474307978,-0.03490111099999999,10,0.8333333333333334,0.5519691377470266,0.9530348578161463,9,0.75,0.46769466506643426,0.9110583316059453,0,0.0,2.7755575615628914e-17,0.24249400665524085,0.9,0.5958499732047615,0.9821237869049271,0.0,0.0,0.2775327998628892,effective_autonomy_trap,robust_effective_autonomy_trap
forcegen_constrained,0.6,5,0.0,12,0.0,0.0,0.0,0.0,0.0,0.0,0.0,0.0,0.0,0.0,0.0,0.0,0,0.0,2.7755575615628914e-17,0.24249400665524085,0,0.0,2.7755575615628914e-17,0.24249400665524085,0,0.0,2.7755575615628914e-17,0.24249400665524085,,,,,,,not_initially_effective,robust_not_initially_effective
forcegen_constrained,0.6,5,0.25,12,0.002822408416666627,0.0018166964999999,0.00028844343541665433,0.005413718777083259,0.00012509240000000598,0.009829852299999912,-0.02193656849999993,-0.013013285499999899,-0.034470184966666616,-0.012556211295833291,-0.045734322999999986,-0.00996552679999999,11,0.9166666666666666,0.646120088858883,0.9851349055950829,11,0.9166666666666666,0.646120088858883,0.9851349055950829,0,0.0,2.7755575615628914e-17,0.24249400665524085,1.0,0.7411670330319684,1.0,0.0,0.0,0.2588329669680317,effective_autonomy_trap,robust_effective_autonomy_trap
forcegen_constrained,0.6,5,0.5,12,0.008635829333333284,0.0054277755,0.004526381977083276,0.014210819114583282,0.00240291089999999,0.017212472999999912,-0.01612235041666667,-0.01954665349999995,-0.10751635185208333,0.06974687618541651,-0.19761758459999998,0.18967810769999993,12,1.0,0.7575059933447592,1.0,8,0.6666666666666666,0.39062208887279953,0.8618799089087867,4,0.3333333333333333,0.13812009109121315,0.6093779111272004,0.6666666666666666,0.39062208887279953,0.8618799089087867,0.3333333333333333,0.13812009109121315,0.6093779111272004,effective_autonomy_trap,effective_autonomy_direction_uncertain
forcegen_constrained,0.6,5,0.75,12,0.0013057601666666347,0.00325411849999995,-0.0026673646166666754,0.004776680243749957,-0.0072244967999999955,0.005008190500000001,-0.01517851791666665,-0.03012487199999995,-0.09433162579999997,0.06636519794583334,-0.2049107175,0.20499463330000003,10,0.8333333333333334,0.5519691377470266,0.9530348578161463,7,0.5833333333333334,0.31951131254954973,0.8067396863412435,2,0.16666666666666666,0.04696514218385378,0.4480308622529734,0.7,0.39677814746114537,0.8922087325936989,0.2,0.05668215145437519,0.5098375284633583,effective_autonomy_trap,uncertain_or_mixed
forcegen_constrained,0.6,5,1.0,12,0.004562962333333285,0.0054584495,-0.00046503660625000663,0.00907716482499994,-7.0611000000830855e-06,0.013598977399999991,-0.03385782566666664,-0.03539771199999995,-0.08028837148124997,0.013770622750000008,-0.11367228639999999,0.0,10,0.8333333333333334,0.5519691377470266,0.9530348578161463,6,0.5,0.2537815976337061,0.7462184023662939,1,0.08333333333333333,0.014865094404917095,0.35387991114111694,0.6,0.31267376973365824,0.8318196702937638,0.1,0.017876213095072896,0.4041500267952385,effective_autonomy_trap,uncertain_or_mixed
forcegen_constrained,0.6,5,1.5,12,0.009096630833333293,0.00865434899999995,0.005853567462499957,0.01228043864791663,0.0005478596999999559,0.0161645435999999,-0.06197988299999996,-0.04500915849999995,-0.12499994916458326,-0.012547624252083325,-0.22074670349999997,0.0,12,1.0,0.7575059933447592,1.0,8,0.6666666666666666,0.39062208887279953,0.8618799089087867,1,0.08333333333333333,0.014865094404917095,0.35387991114111694,0.6666666666666666,0.39062208887279953,0.8618799089087867,0.08333333333333333,0.014865094404917095,0.35387991114111694,effective_autonomy_trap,robust_effective_autonomy_trap
forcegen_constrained,0.6,5,2.0,12,0.012725050499999967,0.01140523799999995,0.005748951310416636,0.020669074137499965,-0.0032708305999999063,0.028512844099999914,-0.10608904866666664,-0.070223036,-0.17883373321041662,-0.051719706612499965,-0.24743079689999997,-0.03490111109999999,10,0.8333333333333334,0.5519691377470266,0.9530348578161463,9,0.75,0.46769466506643426,0.9110583316059453,0,0.0,2.7755575615628914e-17,0.24249400665524085,0.9,0.5958499732047615,0.9821237869049271,0.0,0.0,0.2775327998628892,effective_autonomy_trap,robust_effective_autonomy_trap
logistics_constrained,0.15,1,0.0,12,0.0,0.0,0.0,0.0,0.0,0.0,0.0,0.0,0.0,0.0,0.0,0.0,0,0.0,2.7755575615628914e-17,0.24249400665524085,0,0.0,2.7755575615628914e-17,0.24249400665524085,0,0.0,2.7755575615628914e-17,0.24249400665524085,,,,,,,not_initially_effective,robust_not_initially_effective
logistics_constrained,0.15,1,0.25,12,0.0,0.0,0.0,0.0,0.0,0.0,-0.05322829808333329,-0.048824809,-0.060036274793749976,-0.04682956585208327,-0.07175967130000001,-0.0416501375,0,0.0,2.7755575615628914e-17,0.24249400665524085,0,0.0,2.7755575615628914e-17,0.24249400665524085,0,0.0,2.7755575615628914e-17,0.24249400665524085,,,,,,,not_initially_effective,robust_not_initially_effective
logistics_constrained,0.15,1,0.5,12,0.0,0.0,0.0,0.0,0.0,0.0,-0.12075821249999996,-0.12353547249999994,-0.12753354791666663,-0.11327836603124994,-0.13534879689999998,-0.1063229637,0,0.0,2.7755575615628914e-17,0.24249400665524085,0,0.0,2.7755575615628914e-17,0.24249400665524085,0,0.0,2.7755575615628914e-17,0.24249400665524085,,,,,,,not_initially_effective,robust_not_initially_effective
logistics_constrained,0.15,1,0.75,12,0.0,0.0,0.0,0.0,0.0,0.0,-0.18868301983333327,-0.19150424899999996,-0.19727507864999996,-0.1793471399958333,-0.2096087355,-0.1755076616,0,0.0,2.7755575615628914e-17,0.24249400665524085,0,0.0,2.7755575615628914e-17,0.24249400665524085,0,0.0,2.7755575615628914e-17,0.24249400665524085,,,,,,,not_initially_effective,robust_not_initially_effective
logistics_constrained,0.15,1,1.0,12,0.05334509825,0.0,0.0,0.16003529475,0.0,0.0,-0.23773195258333335,-0.23636497499999995,-0.24863866326874998,-0.22747058352916666,-0.2552582618,-0.22211587770000002,1,0.08333333333333333,0.014865094404917095,0.35387991114111694,1,0.08333333333333333,0.014865094404917095,0.35387991114111694,0,0.0,2.7755575615628914e-17,0.24249400665524085,1.0,0.20654931437723745,1.0,0.0,0.0,0.7934506856227626,effective_autonomy_trap,uncertain_or_mixed
logistics_constrained,0.15,1,1.5,12,0.0,0.0,0.0,0.0,0.0,0.0,-0.31749841191666667,-0.3211779105,-0.32575513341249995,-0.3090416330291667,-0.33384905639999995,-0.2993722453,0,0.0,2.7755575615628914e-17,0.24249400665524085,0,0.0,2.7755575615628914e-17,0.24249400665524085,0,0.0,2.7755575615628914e-17,0.24249400665524085,,,,,,,not_initially_effective,robust_not_initially_effective
logistics_constrained,0.15,1,2.0,12,0.0,0.0,0.0,0.0,0.0,0.0,-0.37853294266666665,-0.38493522500000005,-0.3883728383729167,-0.3680560784520834,-0.3927060875999999,-0.3506509260000001,0,0.0,2.7755575615628914e-17,0.24249400665524085,0,0.0,2.7755575615628914e-17,0.24249400665524085,0,0.0,2.7755575615628914e-17,0.24249400665524085,,,,,,,not_initially_effective,robust_not_initially_effective
logistics_constrained,0.25,2,0.0,12,0.0,0.0,0.0,0.0,0.0,0.0,0.0,0.0,0.0,0.0,0.0,0.0,0,0.0,2.7755575615628914e-17,0.24249400665524085,0,0.0,2.7755575615628914e-17,0.24249400665524085,0,0.0,2.7755575615628914e-17,0.24249400665524085,,,,,,,not_initially_effective,robust_not_initially_effective
logistics_constrained,0.25,2,0.25,12,0.0,0.0,0.0,0.0,0.0,0.0,-0.045287344416666576,-0.042973671499999894,-0.051061410620833234,-0.03982219713124992,-0.06086885419999981,-0.0343910664999999,0,0.0,2.7755575615628914e-17,0.24249400665524085,0,0.0,2.7755575615628914e-17,0.24249400665524085,0,0.0,2.7755575615628914e-17,0.24249400665524085,,,,,,,not_initially_effective,robust_not_initially_effective
logistics_constrained,0.25,2,0.5,12,0.05920576875,0.0,0.0,0.17761730625000002,0.0,0.0,-0.08168709774999995,-0.0836625095,-0.08658659019374997,-0.07640672086041657,-0.08966098799999998,-0.0722063470999999,1,0.08333333333333333,0.014865094404917095,0.35387991114111694,1,0.08333333333333333,0.014865094404917095,0.35387991114111694,0,0.0,2.7755575615628914e-17,0.24249400665524085,1.0,0.20654931437723745,1.0,0.0,0.0,0.7934506856227626,effective_autonomy_trap,uncertain_or_mixed
logistics_constrained,0.25,2,0.75,12,0.0,0.0,0.0,0.0,0.0,0.0,-0.1222395215833333,-0.12376612449999991,-0.12550330960416667,-0.11891752873541658,-0.1272357088,-0.1130782791,0,0.0,2.7755575615628914e-17,0.24249400665524085,0,0.0,2.7755575615628914e-17,0.24249400665524085,0,0.0,2.7755575615628914e-17,0.24249400665524085,,,,,,,not_initially_effective,robust_not_initially_effective
logistics_constrained,0.25,2,1.0,12,0.0,0.0,0.0,0.0,0.0,0.0,-0.1553888014166666,-0.155495939,-0.16009004737499996,-0.15093025352083334,-0.16251257749999998,-0.1445825777,0,0.0,2.7755575615628914e-17,0.24249400665524085,0,0.0,2.7755575615628914e-17,0.24249400665524085,0,0.0,2.7755575615628914e-17,0.24249400665524085,,,,,,,not_initially_effective,robust_not_initially_effective
logistics_constrained,0.25,2,1.5,12,0.0,0.0,0.0,0.0,0.0,0.0,-0.21712651833333327,-0.2176996679999999,-0.22149552411458326,-0.21272145376249993,-0.225554657,-0.2079327523999999,0,0.0,2.7755575615628914e-17,0.24249400665524085,0,0.0,2.7755575615628914e-17,0.24249400665524085,0,0.0,2.7755575615628914e-17,0.24249400665524085,,,,,,,not_initially_effective,robust_not_initially_effective
logistics_constrained,0.25,2,2.0,12,0.0,0.0,0.0,0.0,0.0,0.0,-0.2688822203333333,-0.269983103,-0.27674393772499994,-0.26074961943749997,-0.2829999532999999,-0.2536569219999999,0,0.0,2.7755575615628914e-17,0.24249400665524085,0,0.0,2.7755575615628914e-17,0.24249400665524085,0,0.0,2.7755575615628914e-17,0.24249400665524085,,,,,,,not_initially_effective,robust_not_initially_effective
logistics_constrained,0.4,3,0.0,12,0.0,0.0,0.0,0.0,0.0,0.0,0.0,0.0,0.0,0.0,0.0,0.0,0,0.0,2.7755575615628914e-17,0.24249400665524085,0,0.0,2.7755575615628914e-17,0.24249400665524085,0,0.0,2.7755575615628914e-17,0.24249400665524085,,,,,,,not_initially_effective,robust_not_initially_effective
logistics_constrained,0.4,3,0.25,12,0.03716179399999996,0.0317346264999999,0.019322162499999983,0.055087269716666616,0.0,0.07518815279999999,-0.028518186833333264,-0.0277772069999999,-0.030406775047916605,-0.027016200402083274,-0.0317356923999999,-0.0258095009,8,0.6666666666666666,0.39062208887279953,0.8618799089087867,8,0.6666666666666666,0.39062208887279953,0.8618799089087867,0,0.0,2.7755575615628914e-17,0.24249400665524085,1.0,0.6755924351161198,1.0,0.0,0.0,0.32440756488388023,effective_autonomy_trap,robust_effective_autonomy_trap
logistics_constrained,0.4,3,0.5,12,0.10543455741666663,0.059586973999999945,0.0325647522395833,0.2254410716874999,0.0,0.12439179889999992,-0.054788348499999924,-0.05405181149999995,-0.05870751287708323,-0.05143253323749993,-0.0615176692999999,-0.049594322899999904,8,0.6666666666666666,0.39062208887279953,0.8618799089087867,8,0.6666666666666666,0.39062208887279953,0.8618799089087867,0,0.0,2.7755575615628914e-17,0.24249400665524085,1.0,0.6755924351161198,1.0,0.0,0.0,0.32440756488388023,effective_autonomy_trap,robust_effective_autonomy_trap
logistics_constrained,0.4,3,0.75,12,0.17389919299999998,0.08052926299999996,0.05678990878958328,0.33002838520416644,0.0034928106999999936,0.5963723603000002,-0.08167759041666664,-0.07960452300000001,-0.08645636849999999,-0.07788676817083333,-0.08979310659999999,-0.07488337049999999,10,0.8333333333333334,0.5519691377470266,0.9530348578161463,10,0.8333333333333334,0.5519691377470266,0.9530348578161463,0,0.0,2.7755575615628914e-17,0.24249400665524085,1.0,0.7224672001371107,0.9999999999999999,0.0,0.0,0.2775327998628892,effective_autonomy_trap,robust_effective_autonomy_trap
logistics_constrained,0.4,3,1.0,12,0.19577964966666664,0.10535674899999994,0.0704940321145833,0.35551879582291657,0.0,0.6495624070000002,-0.10558566924999994,-0.10338330199999995,-0.11185058867499996,-0.10047162100208323,-0.1149643178999999,-0.09474500929999999,9,0.75,0.46769466506643426,0.9110583316059453,9,0.75,0.46769466506643426,0.9110583316059453,0,0.0,2.7755575615628914e-17,0.24249400665524085,1.0,0.7008549515804559,1.0,0.0,0.0,0.2991450484195441,effective_autonomy_trap,robust_effective_autonomy_trap
logistics_constrained,0.4,3,1.5,12,0.29479949224999996,0.163208037,0.13660573627499994,0.47523228192916667,0.03248412389999991,0.8190106364,-0.1476669316666666,-0.14737697599999994,-0.15210364729374998,-0.14356891033749997,-0.15820957269999988,-0.139017364,11,0.9166666666666666,0.646120088858883,0.9851349055950829,11,0.9166666666666666,0.646120088858883,0.9851349055950829,0,0.0,2.7755575615628914e-17,0.24249400665524085,1.0,0.7411670330319684,1.0,0.0,0.0,0.2588329669680317,effective_autonomy_trap,robust_effective_autonomy_trap
logistics_constrained,0.4,3,2.0,12,0.1889803710833333,0.17394177899999996,0.08428538766041664,0.32896965055833305,0.0,0.3077245591999999,-0.1873690610833333,-0.18737525500000002,-0.19186671601249997,-0.18294562503541667,-0.1951234291,-0.1773915170999999,8,0.6666666666666666,0.39062208887279953,0.8618799089087867,8,0.6666666666666666,0.39062208887279953,0.8618799089087867,0,0.0,2.7755575615628914e-17,0.24249400665524085,1.0,0.6755924351161198,1.0,0.0,0.0,0.32440756488388023,effective_autonomy_trap,robust_effective_autonomy_trap
logistics_constrained,0.6,4,0.0,12,0.0,0.0,0.0,0.0,0.0,0.0,0.0,0.0,0.0,0.0,0.0,0.0,0,0.0,2.7755575615628914e-17,0.24249400665524085,0,0.0,2.7755575615628914e-17,0.24249400665524085,0,0.0,2.7755575615628914e-17,0.24249400665524085,,,,,,,not_initially_effective,robust_not_initially_effective
logistics_constrained,0.6,4,0.25,12,0.010582523083333293,0.00510200349999995,0.002758625491666625,0.024795913983333282,0.0,0.0057215188999999,-0.02085368608333331,-0.0192403025,-0.023453405993749992,-0.01907266324166664,-0.02259249399999991,-0.0184757245,9,0.75,0.46769466506643426,0.9110583316059453,9,0.75,0.46769466506643426,0.9110583316059453,0,0.0,2.7755575615628914e-17,0.24249400665524085,1.0,0.7008549515804559,1.0,0.0,0.0,0.2991450484195441,effective_autonomy_trap,robust_effective_autonomy_trap
logistics_constrained,0.6,4,0.5,12,0.0051590051666666244,0.004550457,0.002465890999999983,0.007918514091666573,0.0,0.01072159149999981,-0.03931392108333331,-0.037753144999999946,-0.041516019070833306,-0.03729544446666666,-0.0441834479,-0.0360049344,6,0.5,0.2537815976337061,0.7462184023662939,6,0.5,0.2537815976337061,0.7462184023662939,0,0.0,2.7755575615628914e-17,0.24249400665524085,1.0,0.6096657120978346,1.0,0.0,2.7755575615628914e-17,0.3903342879021653,effective_autonomy_trap,robust_effective_autonomy_trap
logistics_constrained,0.6,4,0.75,12,0.008503265416666643,0.011253841499999851,0.0043030729166666426,0.012685457749999983,0.0,0.0163980269,-0.0599878705833333,-0.056344382999999956,-0.06518999388333331,-0.055659789158333264,-0.0693446188,-0.0530601537,7,0.5833333333333334,0.31951131254954973,0.8067396863412435,7,0.5833333333333334,0.31951131254954973,0.8067396863412435,0,0.0,2.7755575615628914e-17,0.24249400665524085,1.0,0.6456695649333126,1.0,0.0,5.551115123125783e-17,0.35433043506668743,effective_autonomy_trap,robust_effective_autonomy_trap
logistics_constrained,0.6,4,1.0,12,0.010614456999999975,0.0070643195,0.004660575416666659,0.016977305074999952,0.0,0.02206301019999999,-0.07587078974999996,-0.072755196,-0.08084376781249995,-0.07147378894999995,-0.0900308645,-0.06861086969999991,6,0.5,0.2537815976337061,0.7462184023662939,6,0.5,0.2537815976337061,0.7462184023662939,0,0.0,2.7755575615628914e-17,0.24249400665524085,1.0,0.6096657120978346,1.0,0.0,2.7755575615628914e-17,0.3903342879021653,effective_autonomy_trap,robust_effective_autonomy_trap
logistics_constrained,0.6,4,1.5,12,0.0150705505833333,0.01720300099999995,0.007326635727083317,0.02259188068333328,0.0,0.02976024309999991,-0.10922161191666664,-0.10529842349999995,-0.11577107127499991,-0.10337565942499997,-0.1272403074999999,-0.10063195479999999,7,0.5833333333333334,0.31951131254954973,0.8067396863412435,7,0.5833333333333334,0.31951131254954973,0.8067396863412435,0,0.0,2.7755575615628914e-17,0.24249400665524085,1.0,0.6456695649333126,1.0,0.0,5.551115123125783e-17,0.35433043506668743,effective_autonomy_trap,robust_effective_autonomy_trap
logistics_constrained,0.6,4,2.0,12,0.023360135166666633,0.03155412299999995,0.013321405583333302,0.03284788728333327,0.0,0.039960313,-0.13778140841666664,-0.132149626,-0.14633994197083333,-0.13044827628958333,-0.1637461501,-0.1244514171,8,0.6666666666666666,0.39062208887279953,0.8618799089087867,8,0.6666666666666666,0.39062208887279953,0.8618799089087867,0,0.0,2.7755575615628914e-17,0.24249400665524085,1.0,0.6755924351161198,1.0,0.0,0.0,0.32440756488388023,effective_autonomy_trap,robust_effective_autonomy_trap
logistics_constrained,0.8,5,0.0,12,0.0,0.0,0.0,0.0,0.0,0.0,0.0,0.0,0.0,0.0,0.0,0.0,0,0.0,2.7755575615628914e-17,0.24249400665524085,0,0.0,2.7755575615628914e-17,0.24249400665524085,0,0.0,2.7755575615628914e-17,0.24249400665524085,,,,,,,not_initially_effective,robust_not_initially_effective
logistics_constrained,0.8,5,0.25,12,0.021512023416666637,0.000610278,0.0006581665291666468,0.05165450623541662,2.2490000002317602e-07,0.10294122200000003,-0.0056738224166666415,0.0,-0.010173059166666634,-0.0014085447499999919,-0.0170193452999999,0.0,9,0.75,0.46769466506643426,0.9110583316059453,3,0.25,0.08894166839405471,0.5323053349335657,0,0.0,2.7755575615628914e-17,0.24249400665524085,0.3333333333333333,0.1205838183869109,0.6457978644196036,0.0,0.0,0.2991450484195441,effective_autonomy_trap,effective_autonomy_direction_uncertain
logistics_constrained,0.8,5,0.5,12,0.03274323041666664,0.0036680209999999,0.0033957239291666284,0.0704060612770833,1.210000000195778e-08,0.14201795080000004,-0.029322325083333267,-0.032946397499999946,-0.0419695403416666,-0.018409778152083275,-0.03608343279999999,-0.0060309243999999,7,0.5833333333333334,0.31951131254954973,0.8067396863412435,7,0.5833333333333334,0.31951131254954973,0.8067396863412435,0,0.0,2.7755575615628914e-17,0.24249400665524085,1.0,0.6456695649333126,1.0,0.0,5.551115123125783e-17,0.35433043506668743,effective_autonomy_trap,robust_effective_autonomy_trap
logistics_constrained,0.8,5,0.75,12,0.09948979333333328,0.00619933549999985,0.006226202668749961,0.23129767349374877,1.7750000002036973e-07,0.21394598949999993,-0.02882362941666664,-0.026219711,-0.03927372029374998,-0.018331442716666632,-0.0493500252,-0.008434245299999909,9,0.75,0.46769466506643426,0.9110583316059453,9,0.75,0.46769466506643426,0.9110583316059453,0,0.0,2.7755575615628914e-17,0.24249400665524085,1.0,0.7008549515804559,1.0,0.0,0.0,0.2991450484195441,effective_autonomy_trap,robust_effective_autonomy_trap
logistics_constrained,0.8,5,1.0,12,0.1060800670833333,0.0063390549999999,0.007422178083333292,0.24529726387083328,0.00014635279999998112,0.2390404067,-0.04278954541666662,-0.032089424500000005,-0.05431294741666663,-0.03182091936458328,-0.0683259002,-0.022615392199999987,11,0.9166666666666666,0.646120088858883,0.9851349055950829,11,0.9166666666666666,0.646120088858883,0.9851349055950829,0,0.0,2.7755575615628914e-17,0.24249400665524085,1.0,0.7411670330319684,1.0,0.0,0.0,0.2588329669680317,effective_autonomy_trap,robust_effective_autonomy_trap
logistics_constrained,0.8,5,1.5,12,0.15174764908333332,0.00831753,0.008109960689583327,0.3478898588541666,1.867300000046868e-06,0.7392691367000002,-0.08102454949999997,-0.0924257344999999,-0.0934263006145833,-0.06793282652499999,-0.1010346099999999,-0.04705916059999999,11,0.9166666666666666,0.646120088858883,0.9851349055950829,11,0.9166666666666666,0.646120088858883,0.9851349055950829,0,0.0,2.7755575615628914e-17,0.24249400665524085,1.0,0.7411670330319684,1.0,0.0,0.0,0.2588329669680317,effective_autonomy_trap,robust_effective_autonomy_trap
logistics_constrained,0.8,5,2.0,12,0.07599648108333333,0.0039699665,0.004658718639583335,0.21045835485625,7.733000000009767e-07,0.04175054279999999,-0.09827845316666663,-0.09579945399999995,-0.11362107851666664,-0.08359985910624998,-0.1319093351,-0.0701183015,10,0.8333333333333334,0.5519691377470266,0.9530348578161463,10,0.8333333333333334,0.5519691377470266,0.9530348578161463,0,0.0,2.7755575615628914e-17,0.24249400665524085,1.0,0.7224672001371107,0.9999999999999999,0.0,0.0,0.2775327998628892,effective_autonomy_trap,robust_effective_autonomy_trap
