factor_starting_structure,factor_channels,factor_channel_count,factor_dose_regime,factor_intensity,factor_normalized_total_effort,n,mean_gain_q_vs_control,median_gain_q_vs_control,gain_q_boot95_lo,gain_q_boot95_hi,mean_gain_capability_vs_control,median_gain_capability_vs_control,gain_capability_boot95_lo,gain_capability_boot95_hi
command_constrained,command,1,single_reference,0.5,0.5,16,0.0420412254375,0.06331243100000003,-0.034445954581249986,0.088132730925,0.048086658000000004,-0.005636451500000028,-0.007049285498437494,0.11461901240156239
command_constrained,command,1,single_reference,1.0,1.0,16,0.110193287,0.1398351255,0.049284296220312517,0.14794568974687497,0.00478092175,-0.02486364550000003,-0.0627822493375,0.0780757764953125
command_constrained,forcegen,1,single_reference,0.5,0.5,16,0.0,0.0,0.0,0.0,-1.2500000340365247e-10,0.0,-4.375000084433367e-10,1.2499999646475857e-10
command_constrained,forcegen,1,single_reference,1.0,1.0,16,0.0,0.0,0.0,0.0,-1.0877375000002687e-05,0.0,-3.263181250000996e-05,6.249999823237928e-11
command_constrained,forcegen+command,2,equal_channel_dose,0.5,1.0,16,0.0420412254375,0.06331243100000003,-0.034445954581249986,0.088132730925,0.048086657875,-0.005636451500000028,-0.007049285685937489,0.11461901240156239
command_constrained,forcegen+command,2,equal_channel_dose,1.0,2.0,16,0.110193287,0.1398351255,0.049284296220312517,0.14794568974687497,0.006704589375000007,-0.02486364550000003,-0.060590779479687516,0.07967626468125004
command_constrained,forcegen+command,2,equal_total_effort,0.5,0.5,16,0.037602970875,0.03355066500000001,0.029162068468749993,0.04733508395781249,0.007749206625000001,0.002831265999999999,-0.07259884984687501,0.092893681803125
command_constrained,forcegen+command,2,equal_total_effort,1.0,1.0,16,0.0420412254375,0.06331243100000003,-0.034445954581249986,0.088132730925,0.048086657875,-0.005636451500000028,-0.007049285685937489,0.11461901240156239
command_constrained,forcegen+logistics,2,equal_channel_dose,0.5,1.0,16,0.004645940750000004,0.0,-0.0016134535624999988,0.0112705845,0.06025957893749999,0.013821515999999978,0.00855124486093749,0.12335207669374997
command_constrained,forcegen+logistics,2,equal_channel_dose,1.0,2.0,16,0.008199642937500001,0.0020272895000000013,0.0015581999375000044,0.015460335620312507,0.077708091625,0.02391442449999992,0.023496542634374985,0.14052308822187498
command_constrained,forcegen+logistics,2,equal_total_effort,0.5,0.5,16,0.0001464813124999985,0.0,-0.0012261148125000051,0.0013852764999999906,0.042621538875000003,0.03503030100000004,0.0076143246796875,0.09219364870781248
command_constrained,forcegen+logistics,2,equal_total_effort,1.0,1.0,16,0.004645940750000004,0.0,-0.0016134535624999988,0.0112705845,0.06025957893749999,0.013821515999999978,0.00855124486093749,0.12335207669374997
command_constrained,forcegen+logistics+command,3,equal_channel_dose,0.5,1.5,16,0.07070514806250001,0.058520816,-0.0343147885203125,0.182037270240625,0.04408522975000001,0.03071510749999995,-0.01580909741562502,0.11190277730937495
command_constrained,forcegen+logistics+command,3,equal_channel_dose,1.0,3.0,16,0.1042959839375,0.13445275449999997,0.03685947498750001,0.14403660105,0.0681280474375,0.0202882365,0.0024481400234374817,0.14324318926562504
command_constrained,forcegen+logistics+command,3,equal_total_effort,0.5,0.5,16,0.019895179999999995,0.018091414,0.01376531581406249,0.026716643859375007,0.04696719931250001,0.03069858250000007,0.007053783518750022,0.09370249431093751
command_constrained,forcegen+logistics+command,3,equal_total_effort,1.0,1.0,16,0.0432743195,0.034897768999999995,0.03429199543437501,0.054372233515624986,0.036619063249999986,-0.0007624805000000512,-0.034022219826562505,0.11925398765937492
command_constrained,logistics,1,single_reference,0.5,0.5,16,0.004645940750000004,0.0,-0.0016134535624999988,0.0112705845,0.06025957912499999,0.013821517499999991,0.008551245226562492,0.12335207669374997
command_constrained,logistics,1,single_reference,1.0,1.0,16,0.008199642937500001,0.0020272895000000013,0.0015581999375000044,0.015460335620312507,0.0777080916875,0.02391442449999992,0.023496542573437494,0.14052308828124999
command_constrained,logistics+command,2,equal_channel_dose,0.5,1.0,16,0.07038089093750001,0.058520816,-0.03452044786562499,0.181644994975,0.046190200687500016,0.03071510799999999,-0.014549946329687488,0.11353671126874994
command_constrained,logistics+command,2,equal_channel_dose,1.0,2.0,16,0.1042959839375,0.13445275449999997,0.03685947498750001,0.14403660105,0.065193465625,0.020288235499999974,0.0021234022828124865,0.13717431021249998
command_constrained,logistics+command,2,equal_total_effort,0.5,0.5,16,0.03636642725,0.03355066500000001,0.027838047876562494,0.04625269415156251,0.033888900312499984,0.01775845100000001,-0.028914374018750015,0.10224138055312487
command_constrained,logistics+command,2,equal_total_effort,1.0,1.0,16,0.07038089093750001,0.058520816,-0.03452044786562499,0.181644994975,0.046190200687500016,0.03071510799999999,-0.014549946329687488,0.11353671126874994
forcegen_constrained,command,1,single_reference,0.5,0.5,16,-0.070516391125,-0.000728377500000002,-0.2333643554625,0.084657375465625,0.03270613850000001,0.004596186999999974,-0.009475033896874985,0.08811976788281249
forcegen_constrained,command,1,single_reference,1.0,1.0,16,0.008424681375000007,-0.0014452935,-0.14269470195781248,0.15936861769062494,0.04524924418750001,0.021062265000000024,-0.02908582315781249,0.12381125014843747
forcegen_constrained,forcegen,1,single_reference,0.5,0.5,16,0.0434068778125,0.03838090749999999,0.021653490921875,0.0682734537734375,2.630000000003463e-07,2.599999999741698e-07,2.175000000068615e-07,3.068781250049196e-07
forcegen_constrained,forcegen,1,single_reference,1.0,1.0,16,0.1076812593125,0.08517982250000002,0.051505128184375,0.17618002947187503,-0.0020516522499999905,5.535000000000956e-07,-0.006155415753125003,6.072500000137843e-07
forcegen_constrained,forcegen+command,2,equal_channel_dose,0.5,1.0,16,-0.014237695999999987,0.04333804449999999,-0.17677779816406247,0.13630822243593746,0.032705012125000016,0.004596519500000007,-0.009477577309374978,0.08811724312656251
forcegen_constrained,forcegen+command,2,equal_channel_dose,1.0,2.0,16,0.14737604081250003,0.09794406050000003,0.01033285030000002,0.28404290620156253,0.04085097174999999,0.021062631,-0.033822030714062506,0.12173121814374999
forcegen_constrained,forcegen+command,2,equal_total_effort,0.5,0.5,16,0.10866673443750001,0.020606420499999986,-0.0006913534828124958,0.2395770752046875,0.030877840249999993,-0.006232310499999949,-0.038997856553125015,0.11364571254218747
forcegen_constrained,forcegen+command,2,equal_total_effort,1.0,1.0,16,-0.014237695999999987,0.04333804449999999,-0.17677779816406247,0.13630822243593746,0.032705012125000016,0.004596519500000007,-0.009477577309374978,0.08811724312656251
forcegen_constrained,forcegen+logistics,2,equal_channel_dose,0.5,1.0,16,0.11634500475000001,0.05537700200000001,0.021588783292187514,0.22231711268124998,0.08805733,0.01671111350000004,0.01716967194531252,0.16913894179687503
forcegen_constrained,forcegen+logistics,2,equal_channel_dose,1.0,2.0,16,0.2581838216875,0.12628815300000001,0.11623414092343749,0.41025589462031253,0.12709611056249998,0.05412800099999998,0.05803394661406251,0.20832177133906246
forcegen_constrained,forcegen+logistics,2,equal_total_effort,0.5,0.5,16,0.06689828362500003,0.029725242500000026,-0.048488066792187486,0.1845033417125,0.05641827862500001,0.03929197100000004,-0.0028473388999999878,0.12043106432500002
forcegen_constrained,forcegen+logistics,2,equal_total_effort,1.0,1.0,16,0.11634500475000001,0.05537700200000001,0.021588783292187514,0.22231711268124998,0.08805733,0.01671111350000004,0.01716967194531252,0.16913894179687503
forcegen_constrained,forcegen+logistics+command,3,equal_channel_dose,0.5,1.5,16,0.04845507693750001,0.02732076250000004,-0.14100874148281248,0.2337446174359374,0.06553156137499999,0.037770445999999985,0.009194915999999966,0.13243003391875
forcegen_constrained,forcegen+logistics+command,3,equal_channel_dose,1.0,3.0,16,0.20488747612500002,0.1933539225,0.023189556418750007,0.3786130702640623,0.12695643112500002,0.060784699,0.05826895137656249,0.20646520989531247
forcegen_constrained,forcegen+logistics+command,3,equal_total_effort,0.5,0.5,16,0.07851175706249999,0.024800382500000023,-0.09484215608124998,0.24433254770624996,0.0783619844375,0.02586986699999999,0.0159193698890625,0.14942484480468746
forcegen_constrained,forcegen+logistics+command,3,equal_total_effort,1.0,1.0,16,0.12211536881250001,0.05037651749999997,0.029573646545312502,0.2292731451078124,0.08743119712500001,0.023393235499999998,0.008968586451562522,0.17251591905625
forcegen_constrained,logistics,1,single_reference,0.5,0.5,16,0.07230716912500001,0.015547535000000001,-0.018762531628124978,0.17943357845625,0.0880570239375,0.016710775499999997,0.017169344387500007,0.16913862505468752
forcegen_constrained,logistics,1,single_reference,1.0,1.0,16,0.1832287386875,0.053762593000000025,0.04429619402187501,0.33799628421562494,0.1270954398125,0.05412715299999998,0.05803324861718749,0.20832108059062496
forcegen_constrained,logistics+command,2,equal_channel_dose,0.5,1.0,16,-0.017015117374999986,0.005912475500000014,-0.20314530712499998,0.16155049122031248,0.065531233375,0.03777024700000001,0.009194627329687514,0.13242974401249996
forcegen_constrained,logistics+command,2,equal_channel_dose,1.0,2.0,16,0.1290388124375,0.04863654299999998,-0.06711591999999998,0.3208156105546875,0.12695567781250003,0.06078395550000004,0.05826829366875002,0.2064644346296875
forcegen_constrained,logistics+command,2,equal_total_effort,0.5,0.5,16,0.05447867375000001,0.01845965500000002,-0.08343381294531249,0.19649792811562503,0.0613570946875,0.02595810100000001,-0.001393056768750015,0.1301149702390625
forcegen_constrained,logistics+command,2,equal_total_effort,1.0,1.0,16,-0.017015117374999986,0.005912475500000014,-0.20314530712499998,0.16155049122031248,0.065531233375,0.03777024700000001,0.009194627329687514,0.13242974401249996
logistics_constrained,command,1,single_reference,0.5,0.5,16,-0.001190700062500015,-1.3500000006771984e-08,-0.012939952932812512,0.009785461751562485,0.0,0.0,0.0,0.0
logistics_constrained,command,1,single_reference,1.0,1.0,16,0.017291297374999987,0.00122507500000002,-0.005962909428125016,0.050174558012499974,0.0,0.0,0.0,0.0
logistics_constrained,forcegen,1,single_reference,0.5,0.5,16,0.0038986105625000017,0.0,-0.00012784043750000557,0.011754623999999998,0.0,0.0,0.0,0.0
logistics_constrained,forcegen,1,single_reference,1.0,1.0,16,0.007309665124999996,0.0,-0.00039010800468750853,0.0223187963828125,0.0,0.0,0.0,0.0
logistics_constrained,forcegen+command,2,equal_channel_dose,0.5,1.0,16,0.0026185843124999914,-1.3999999992631018e-08,-0.010987457082812508,0.01627076835312499,0.0,0.0,0.0,0.0
logistics_constrained,forcegen+command,2,equal_channel_dose,1.0,2.0,16,0.017122958562499985,0.0013887025000000053,-0.006051314232812514,0.04995937732499999,0.0,0.0,0.0,0.0
logistics_constrained,forcegen+command,2,equal_total_effort,0.5,0.5,16,0.0021042711874999995,-1.0000000272292198e-09,-0.006407678210937505,0.011371163256249985,0.0,0.0,0.0,0.0
logistics_constrained,forcegen+command,2,equal_total_effort,1.0,1.0,16,0.0026185843124999914,-1.3999999992631018e-08,-0.010987457082812508,0.01627076835312499,0.0,0.0,0.0,0.0
logistics_constrained,forcegen+logistics,2,equal_channel_dose,0.5,1.0,16,-0.021536453937500005,-0.02295668449999999,-0.05578088602187501,0.005921265389062489,0.0,0.0,0.0,0.0
logistics_constrained,forcegen+logistics,2,equal_channel_dose,1.0,2.0,16,0.005767244999999997,-0.016052003500000023,-0.020322114178124993,0.039682099882812495,0.0,0.0,0.0,0.0
logistics_constrained,forcegen+logistics,2,equal_total_effort,0.5,0.5,16,-0.03331364106250001,-0.024498986000000056,-0.060949522871874995,-0.01408846626562504,0.0,0.0,0.0,0.0
logistics_constrained,forcegen+logistics,2,equal_total_effort,1.0,1.0,16,-0.021536453937500005,-0.02295668449999999,-0.05578088602187501,0.005921265389062489,0.0,0.0,0.0,0.0
logistics_constrained,forcegen+logistics+command,3,equal_channel_dose,0.5,1.5,16,-0.02569830462500001,-0.024287192000000013,-0.060608603960937514,0.003716653134374988,0.0,0.0,0.0,0.0
logistics_constrained,forcegen+logistics+command,3,equal_channel_dose,1.0,3.0,16,0.005766656250000009,-0.006517210499999981,-0.02156445909375,0.04376878184062497,0.0,0.0,0.0,0.0
logistics_constrained,forcegen+logistics+command,3,equal_total_effort,0.5,0.5,16,-0.03353746787500002,-0.02518671899999997,-0.06210038755000003,-0.01388717357812502,0.0,0.0,0.0,0.0
logistics_constrained,forcegen+logistics+command,3,equal_total_effort,1.0,1.0,16,-0.03594229643750001,-0.027114603000000015,-0.06971674718593752,-0.0065872535296875485,0.0,0.0,0.0,0.0
logistics_constrained,logistics,1,single_reference,0.5,0.5,16,-0.030081393249999998,-0.02295668449999999,-0.07280888067968748,-0.0001529707984374895,0.0,0.0,0.0,0.0
logistics_constrained,logistics,1,single_reference,1.0,1.0,16,0.005563532999999989,-0.016052003000000037,-0.020470052403125008,0.03952850684687494,0.0,0.0,0.0,0.0
logistics_constrained,logistics+command,2,equal_channel_dose,0.5,1.0,16,-0.03409613962500001,-0.024287192000000013,-0.076781812728125,-0.002486510312500016,0.0,0.0,0.0,0.0
logistics_constrained,logistics+command,2,equal_channel_dose,1.0,2.0,16,0.0057666563125,-0.006517210499999981,-0.021564458973437516,0.043768781840624965,0.0,0.0,0.0,0.0
logistics_constrained,logistics+command,2,equal_total_effort,0.5,0.5,16,-0.039892642375000016,-0.027664796000000047,-0.06998174997812501,-0.019746236278124996,0.0,0.0,0.0,0.0
logistics_constrained,logistics+command,2,equal_total_effort,1.0,1.0,16,-0.03409613962500001,-0.024287192000000013,-0.076781812728125,-0.002486510312500016,0.0,0.0,0.0,0.0
near_tie_low,command,1,single_reference,0.5,0.5,16,0.043377263937499994,0.010034432500000023,-0.0942181572,0.19312200394531245,0.07864249431249999,0.0,-0.10122752598281251,0.2693035691562499
near_tie_low,command,1,single_reference,1.0,1.0,16,0.0014597770000000163,0.01523905000000006,-0.18522154861718745,0.19160901423749993,0.109743134625,-0.019529135500000072,-0.08410860020624998,0.3036803887375
near_tie_low,forcegen,1,single_reference,0.5,0.5,16,0.022743303124999996,0.0,0.008853140624999999,0.03857460033281249,-0.00011880762499999475,0.0,-0.0003514836906249942,3.0624999966533117e-09
near_tie_low,forcegen,1,single_reference,1.0,1.0,16,0.049764826375,0.0,0.019384523125,0.0843874385390625,0.00010292550000000344,0.0,-4.866074999997777e-05,0.0003574375640624999
near_tie_low,forcegen+command,2,equal_channel_dose,0.5,1.0,16,0.070987986,0.048627866999999964,-0.05707508845312499,0.21388079833437498,0.0786720800625,0.0,-0.1011909055765625,0.26936126037656244
near_tie_low,forcegen+command,2,equal_channel_dose,1.0,2.0,16,0.06259980606250001,0.05404112249999998,-0.10631391856562498,0.2341732814046875,0.10971003093750001,-0.019529108000000073,-0.08412069145625,0.3035572239328125
near_tie_low,forcegen+command,2,equal_total_effort,0.5,0.5,16,0.045658123562500014,0.03712952350000001,-0.09531579438281247,0.17754295451093743,0.07496727825,0.0,-0.115298409446875,0.26721114671718743
near_tie_low,forcegen+command,2,equal_total_effort,1.0,1.0,16,0.070987986,0.048627866999999964,-0.05707508845312499,0.21388079833437498,0.0786720800625,0.0,-0.1011909055765625,0.26936126037656244
near_tie_low,forcegen+logistics,2,equal_channel_dose,0.5,1.0,16,0.092230301,0.0038364439999999944,-0.007677568042187492,0.22565686232499985,0.07970963187500002,-0.002550662499999967,-0.014677319435937477,0.21688925296562497
near_tie_low,forcegen+logistics,2,equal_channel_dose,1.0,2.0,16,0.02588344875,0.018829393500000013,-0.05713478993437498,0.10388955644374996,0.21892136012500002,0.09488693000000004,0.07411090471875001,0.38475823899062495
near_tie_low,forcegen+logistics,2,equal_total_effort,0.5,0.5,16,0.04826245581250001,0.026947200500000046,-0.05750273063437497,0.16367127248281244,0.0449399894375,0.0,-0.005935742312500017,0.140780044584375
near_tie_low,forcegen+logistics,2,equal_total_effort,1.0,1.0,16,0.092230301,0.0038364439999999944,-0.007677568042187492,0.22565686232499985,0.07970963187500002,-0.002550662499999967,-0.014677319435937477,0.21688925296562497
near_tie_low,forcegen+logistics+command,3,equal_channel_dose,0.5,1.5,16,0.03121187325000002,0.005243486500000061,-0.12912417104062499,0.19931092182968735,0.0339241106875,-0.00041207599999998346,-0.21366906002187502,0.2810149001828125
near_tie_low,forcegen+logistics+command,3,equal_channel_dose,1.0,3.0,16,0.1543178045,0.11907104299999999,-0.01449734322187496,0.32007309257499994,0.04817662493749998,0.04801482500000004,-0.19280028908281252,0.28260316109531236
near_tie_low,forcegen+logistics+command,3,equal_total_effort,0.5,0.5,16,0.015691287312499982,0.005125471999999992,-0.15679788777968748,0.19398987986093744,-0.05228663575,0.0,-0.20918863742031246,0.10105267277656246
near_tie_low,forcegen+logistics+command,3,equal_total_effort,1.0,1.0,16,0.04011564525,0.06136693700000001,-0.1068973167703125,0.17635761401874997,0.08995411018750002,0.0,-0.01581010023437499,0.242730561715625
near_tie_low,logistics,1,single_reference,0.5,0.5,16,0.0763885594375,3.120049999999486e-05,-0.02465896972968749,0.2118250828953125,0.07963387075000003,-0.002550662499999967,-0.014524214134374987,0.2166852598265625
near_tie_low,logistics,1,single_reference,1.0,1.0,16,-0.048611565874999985,1.1970000000083303e-06,-0.13471058141562497,0.02362099684687498,0.2188244104375,0.09488693000000004,0.07391853090156249,0.3847581373781249
near_tie_low,logistics+command,2,equal_channel_dose,0.5,1.0,16,0.0016987612500000172,-0.0032283184999999937,-0.1666901965046875,0.17923519196406248,0.033822744625000026,-0.0009157415000000113,-0.2137985332140625,0.2801548511078124
near_tie_low,logistics+command,2,equal_channel_dose,1.0,2.0,16,0.1245762168125,0.0699704055,-0.0618929386859375,0.30282506365624995,0.04830909368750001,0.048019855,-0.19280027460781252,0.28293942598281246
near_tie_low,logistics+command,2,equal_total_effort,0.5,0.5,16,0.07793007756250002,0.02982713749999999,-0.10669499193281247,0.2587927103609373,0.14367576543750002,0.00040763399999999006,-0.003415096962499991,0.3023454858656248
near_tie_low,logistics+command,2,equal_total_effort,1.0,1.0,16,0.0016987612500000172,-0.0032283184999999937,-0.1666901965046875,0.17923519196406248,0.033822744625000026,-0.0009157415000000113,-0.2137985332140625,0.2801548511078124
