run_id,pair_id,architecture,seed,withdrawal_time_ticks,horizon_days,branch,territorial_retention,formation_survival_fraction,casualty_ratio,mean_formation_readiness,composite_capability,organic_personnel_reserve,recruit_graduation_throughput,indigenous_supply_delivered,unassisted_command_reliability,autonomy_ratio,performance_delta,substitution_index,decay_rate,air_cost,logistics_cost,command_cost,force_gen_cost,total_cost,discounted_cost,omega_manpower,omega_firepower,omega_logistics,omega_command,omega_min,omega_mean,omega_geo
substitution_heavy_s101_h7_SUPPORT_ON,substitution_heavy_s101_h7,substitution_heavy,101,60,7,SUPPORT_ON,0.8754,0.8809,1.8019,0.8564,0.8899,1200.0,5.0,150.0,0.26,0.9279,0.0642,0.7,0.015,250000.0,200000.0,10000.0,40000.0,500000.0,495432.27,0.45,1.2,0.5,0.4,0.4,0.637,0.573
substitution_heavy_s101_h7_SUPPORT_OFF,substitution_heavy_s101_h7,substitution_heavy,101,60,7,SUPPORT_OFF,0.8145,0.8232,1.6864,0.8019,0.8258,1200.0,5.0,150.0,0.26,0.9279,0.0642,0.7,0.015,223880.59701492538,179104.4776119403,8955.223880597016,35820.89552238806,447761.19,443670.69,0.45,1.2,0.5,0.4,0.4,0.637,0.573
substitution_heavy_s101_h30_SUPPORT_ON,substitution_heavy_s101_h30,substitution_heavy,101,60,30,SUPPORT_ON,0.8783,0.8837,1.8073,0.859,0.893,1200.0,5.0,150.0,0.26,0.7719,0.2037,0.7,0.015,250000.0,200000.0,10000.0,40000.0,500000.0,493873.88,0.45,1.2,0.5,0.4,0.4,0.637,0.573
substitution_heavy_s101_h30_SUPPORT_OFF,substitution_heavy_s101_h30,substitution_heavy,101,60,30,SUPPORT_OFF,0.6848,0.7004,1.4407,0.6859,0.6893,1200.0,5.0,150.0,0.26,0.7719,0.2037,0.7,0.015,166666.66666666666,133333.3333333333,6666.666666666666,26666.666666666664,333333.33,329249.25,0.45,1.2,0.5,0.4,0.4,0.637,0.573
substitution_heavy_s101_h90_SUPPORT_ON,substitution_heavy_s101_h90,substitution_heavy,101,60,90,SUPPORT_ON,0.8616,0.8678,1.7756,0.844,0.8753,1200.0,5.0,150.0,0.26,0.4775,0.4574,0.7,0.015,250000.0,200000.0,10000.0,40000.0,500000.0,489831.55,0.45,1.2,0.5,0.4,0.4,0.637,0.573
substitution_heavy_s101_h90_SUPPORT_OFF,substitution_heavy_s101_h90,substitution_heavy,101,60,90,SUPPORT_OFF,0.427,0.4561,0.9523,0.4552,0.4179,1200.0,5.0,150.0,0.26,0.4775,0.4574,0.7,0.015,100000.0,80000.0,4000.0,16000.0,200000.0,195932.62,0.45,1.2,0.5,0.4,0.4,0.637,0.573
substitution_heavy_s101_h180_SUPPORT_ON,substitution_heavy_s101_h180,substitution_heavy,101,60,180,SUPPORT_ON,0.896,0.9004,1.8409,0.8748,0.9116,1200.0,5.0,150.0,0.26,0.3597,0.5837,0.7,0.015,250000.0,200000.0,10000.0,40000.0,500000.0,483830.02,0.45,1.2,0.5,0.4,0.4,0.637,0.573
substitution_heavy_s101_h180_SUPPORT_OFF,substitution_heavy_s101_h180,substitution_heavy,101,60,180,SUPPORT_OFF,0.3415,0.3751,0.7902,0.3787,0.3279,1200.0,5.0,150.0,0.26,0.3597,0.5837,0.7,0.015,62500.0,50000.0,2500.0,10000.0,125000.0,120957.5,0.45,1.2,0.5,0.4,0.4,0.637,0.573
substitution_heavy_s102_h7_SUPPORT_ON,substitution_heavy_s102_h7,substitution_heavy,102,60,7,SUPPORT_ON,0.8571,0.8635,1.7671,0.84,0.8706,1200.0,5.0,150.0,0.26,0.9396,0.0526,0.7,0.015,250000.0,200000.0,10000.0,40000.0,500000.0,495432.27,0.45,1.2,0.5,0.4,0.4,0.637,0.573
substitution_heavy_s102_h7_SUPPORT_OFF,substitution_heavy_s102_h7,substitution_heavy,102,60,7,SUPPORT_OFF,0.8071,0.8162,1.6724,0.7953,0.818,1200.0,5.0,150.0,0.26,0.9396,0.0526,0.7,0.015,223880.59701492538,179104.4776119403,8955.223880597016,35820.89552238806,447761.19,443670.69,0.45,1.2,0.5,0.4,0.4,0.637,0.573
substitution_heavy_s102_h30_SUPPORT_ON,substitution_heavy_s102_h30,substitution_heavy,102,60,30,SUPPORT_ON,0.8572,0.8637,1.7673,0.8401,0.8707,1200.0,5.0,150.0,0.26,0.7383,0.2279,0.7,0.015,250000.0,200000.0,10000.0,40000.0,500000.0,493873.88,0.45,1.2,0.5,0.4,0.4,0.637,0.573
substitution_heavy_s102_h30_SUPPORT_OFF,substitution_heavy_s102_h30,substitution_heavy,102,60,30,SUPPORT_OFF,0.6407,0.6586,1.3572,0.6464,0.6429,1200.0,5.0,150.0,0.26,0.7383,0.2279,0.7,0.015,166666.66666666666,133333.3333333333,6666.666666666666,26666.666666666664,333333.33,329249.25,0.45,1.2,0.5,0.4,0.4,0.637,0.573
substitution_heavy_s102_h90_SUPPORT_ON,substitution_heavy_s102_h90,substitution_heavy,102,60,90,SUPPORT_ON,0.8706,0.8764,1.7927,0.8521,0.8848,1200.0,5.0,150.0,0.26,0.449,0.4875,0.7,0.015,250000.0,200000.0,10000.0,40000.0,500000.0,489831.55,0.45,1.2,0.5,0.4,0.4,0.637,0.573
substitution_heavy_s102_h90_SUPPORT_OFF,substitution_heavy_s102_h90,substitution_heavy,102,60,90,SUPPORT_OFF,0.4075,0.4376,0.9152,0.4377,0.3973,1200.0,5.0,150.0,0.26,0.449,0.4875,0.7,0.015,100000.0,80000.0,4000.0,16000.0,200000.0,195932.62,0.45,1.2,0.5,0.4,0.4,0.637,0.573
substitution_heavy_s102_h180_SUPPORT_ON,substitution_heavy_s102_h180,substitution_heavy,102,60,180,SUPPORT_ON,0.8332,0.841,1.7219,0.8187,0.8455,1200.0,5.0,150.0,0.26,0.3371,0.5605,0.7,0.015,250000.0,200000.0,10000.0,40000.0,500000.0,483830.02,0.45,1.2,0.5,0.4,0.4,0.637,0.573
substitution_heavy_s102_h180_SUPPORT_OFF,substitution_heavy_s102_h180,substitution_heavy,102,60,180,SUPPORT_OFF,0.3007,0.3365,0.713,0.3422,0.285,1200.0,5.0,150.0,0.26,0.3371,0.5605,0.7,0.015,62500.0,50000.0,2500.0,10000.0,125000.0,120957.5,0.45,1.2,0.5,0.4,0.4,0.637,0.573
substitution_heavy_s103_h7_SUPPORT_ON,substitution_heavy_s103_h7,substitution_heavy,103,60,7,SUPPORT_ON,0.8468,0.8538,1.7475,0.8308,0.8597,1200.0,5.0,150.0,0.26,0.9357,0.0553,0.7,0.015,250000.0,200000.0,10000.0,40000.0,500000.0,495432.27,0.45,1.2,0.5,0.4,0.4,0.637,0.573
substitution_heavy_s103_h7_SUPPORT_OFF,substitution_heavy_s103_h7,substitution_heavy,103,60,7,SUPPORT_OFF,0.7942,0.804,1.648,0.7838,0.8045,1200.0,5.0,150.0,0.26,0.9357,0.0553,0.7,0.015,223880.59701492538,179104.4776119403,8955.223880597016,35820.89552238806,447761.19,443670.69,0.45,1.2,0.5,0.4,0.4,0.637,0.573
substitution_heavy_s103_h30_SUPPORT_ON,substitution_heavy_s103_h30,substitution_heavy,103,60,30,SUPPORT_ON,0.8487,0.8557,1.7513,0.8326,0.8618,1200.0,5.0,150.0,0.26,0.7218,0.2398,0.7,0.015,250000.0,200000.0,10000.0,40000.0,500000.0,493873.88,0.45,1.2,0.5,0.4,0.4,0.637,0.573
substitution_heavy_s103_h30_SUPPORT_OFF,substitution_heavy_s103_h30,substitution_heavy,103,60,30,SUPPORT_OFF,0.6209,0.6398,1.3197,0.6287,0.622,1200.0,5.0,150.0,0.26,0.7218,0.2398,0.7,0.015,166666.66666666666,133333.3333333333,6666.666666666666,26666.666666666664,333333.33,329249.25,0.45,1.2,0.5,0.4,0.4,0.637,0.573
substitution_heavy_s103_h90_SUPPORT_ON,substitution_heavy_s103_h90,substitution_heavy,103,60,90,SUPPORT_ON,0.8938,0.8984,1.8368,0.8729,0.9093,1200.0,5.0,150.0,0.26,0.4777,0.4749,0.7,0.015,250000.0,200000.0,10000.0,40000.0,500000.0,489831.55,0.45,1.2,0.5,0.4,0.4,0.637,0.573
substitution_heavy_s103_h90_SUPPORT_OFF,substitution_heavy_s103_h90,substitution_heavy,103,60,90,SUPPORT_OFF,0.4427,0.471,0.982,0.4693,0.4344,1200.0,5.0,150.0,0.26,0.4777,0.4749,0.7,0.015,100000.0,80000.0,4000.0,16000.0,200000.0,195932.62,0.45,1.2,0.5,0.4,0.4,0.637,0.573
substitution_heavy_s103_h180_SUPPORT_ON,substitution_heavy_s103_h180,substitution_heavy,103,60,180,SUPPORT_ON,0.8673,0.8732,1.7864,0.8491,0.8814,1200.0,5.0,150.0,0.26,0.3228,0.5969,0.7,0.015,250000.0,200000.0,10000.0,40000.0,500000.0,483830.02,0.45,1.2,0.5,0.4,0.4,0.637,0.573
substitution_heavy_s103_h180_SUPPORT_OFF,substitution_heavy_s103_h180,substitution_heavy,103,60,180,SUPPORT_OFF,0.3003,0.336,0.7121,0.3418,0.2845,1200.0,5.0,150.0,0.26,0.3228,0.5969,0.7,0.015,62500.0,50000.0,2500.0,10000.0,125000.0,120957.5,0.45,1.2,0.5,0.4,0.4,0.637,0.573
substitution_heavy_s104_h7_SUPPORT_ON,substitution_heavy_s104_h7,substitution_heavy,104,60,7,SUPPORT_ON,0.8557,0.8622,1.7644,0.8387,0.8691,1200.0,5.0,150.0,0.26,0.9321,0.059,0.7,0.015,250000.0,200000.0,10000.0,40000.0,500000.0,495432.27,0.45,1.2,0.5,0.4,0.4,0.637,0.573
substitution_heavy_s104_h7_SUPPORT_OFF,substitution_heavy_s104_h7,substitution_heavy,104,60,7,SUPPORT_OFF,0.7996,0.8091,1.6582,0.7886,0.8101,1200.0,5.0,150.0,0.26,0.9321,0.059,0.7,0.015,223880.59701492538,179104.4776119403,8955.223880597016,35820.89552238806,447761.19,443670.69,0.45,1.2,0.5,0.4,0.4,0.637,0.573
substitution_heavy_s104_h30_SUPPORT_ON,substitution_heavy_s104_h30,substitution_heavy,104,60,30,SUPPORT_ON,0.8441,0.8513,1.7426,0.8284,0.857,1200.0,5.0,150.0,0.26,0.7529,0.2117,0.7,0.015,250000.0,200000.0,10000.0,40000.0,500000.0,493873.88,0.45,1.2,0.5,0.4,0.4,0.637,0.573
substitution_heavy_s104_h30_SUPPORT_OFF,substitution_heavy_s104_h30,substitution_heavy,104,60,30,SUPPORT_OFF,0.643,0.6607,1.3614,0.6484,0.6452,1200.0,5.0,150.0,0.26,0.7529,0.2117,0.7,0.015,166666.66666666666,133333.3333333333,6666.666666666666,26666.666666666664,333333.33,329249.25,0.45,1.2,0.5,0.4,0.4,0.637,0.573
substitution_heavy_s104_h90_SUPPORT_ON,substitution_heavy_s104_h90,substitution_heavy,104,60,90,SUPPORT_ON,0.8546,0.8612,1.7624,0.8378,0.868,1200.0,5.0,150.0,0.26,0.4764,0.4545,0.7,0.015,250000.0,200000.0,10000.0,40000.0,500000.0,489831.55,0.45,1.2,0.5,0.4,0.4,0.637,0.573
substitution_heavy_s104_h90_SUPPORT_OFF,substitution_heavy_s104_h90,substitution_heavy,104,60,90,SUPPORT_OFF,0.4229,0.4522,0.9444,0.4515,0.4135,1200.0,5.0,150.0,0.26,0.4764,0.4545,0.7,0.015,100000.0,80000.0,4000.0,16000.0,200000.0,195932.62,0.45,1.2,0.5,0.4,0.4,0.637,0.573
substitution_heavy_s104_h180_SUPPORT_ON,substitution_heavy_s104_h180,substitution_heavy,104,60,180,SUPPORT_ON,0.8546,0.8612,1.7623,0.8378,0.868,1200.0,5.0,150.0,0.26,0.3791,0.539,0.7,0.015,250000.0,200000.0,10000.0,40000.0,500000.0,483830.02,0.45,1.2,0.5,0.4,0.4,0.637,0.573
substitution_heavy_s104_h180_SUPPORT_OFF,substitution_heavy_s104_h180,substitution_heavy,104,60,180,SUPPORT_OFF,0.3426,0.3761,0.7922,0.3797,0.329,1200.0,5.0,150.0,0.26,0.3791,0.539,0.7,0.015,62500.0,50000.0,2500.0,10000.0,125000.0,120957.5,0.45,1.2,0.5,0.4,0.4,0.637,0.573
capacity_heavy_s101_h7_SUPPORT_ON,capacity_heavy_s101_h7,capacity_heavy,101,60,7,SUPPORT_ON,0.7327,0.7458,1.5315,0.7288,0.7397,400.0,35.0,750.0,0.715,0.9734,0.0197,0.25,0.003,50000.0,80000.0,150000.0,220000.0,500000.0,495432.27,1.3,0.7,0.9,1.1,0.7,1.0,0.974
capacity_heavy_s101_h7_SUPPORT_OFF,capacity_heavy_s101_h7,capacity_heavy,101,60,7,SUPPORT_OFF,0.714,0.728,1.496,0.712,0.72,400.0,35.0,750.0,0.715,0.9734,0.0197,0.25,0.003,44776.119402985074,71641.79104477612,134328.35820895524,197014.92537313435,447761.19,443670.69,1.3,0.7,0.9,1.1,0.7,1.0,0.974
capacity_heavy_s101_h30_SUPPORT_ON,capacity_heavy_s101_h30,capacity_heavy,101,60,30,SUPPORT_ON,0.7486,0.7608,1.5616,0.743,0.7565,400.0,35.0,750.0,0.715,0.9543,0.0346,0.25,0.003,50000.0,80000.0,150000.0,220000.0,500000.0,493873.88,1.3,0.7,0.9,1.1,0.7,1.0,0.974
capacity_heavy_s101_h30_SUPPORT_OFF,capacity_heavy_s101_h30,capacity_heavy,101,60,30,SUPPORT_OFF,0.7158,0.7297,1.4994,0.7136,0.7219,400.0,35.0,750.0,0.715,0.9543,0.0346,0.25,0.003,33333.33333333333,53333.33333333333,100000.0,146666.66666666666,333333.33,329249.25,1.3,0.7,0.9,1.1,0.7,1.0,0.974
capacity_heavy_s101_h90_SUPPORT_ON,capacity_heavy_s101_h90,capacity_heavy,101,60,90,SUPPORT_ON,0.737,0.7498,1.5395,0.7326,0.7442,400.0,35.0,750.0,0.715,0.9013,0.0734,0.25,0.003,50000.0,80000.0,150000.0,220000.0,500000.0,489831.55,1.3,0.7,0.9,1.1,0.7,1.0,0.974
capacity_heavy_s101_h90_SUPPORT_OFF,capacity_heavy_s101_h90,capacity_heavy,101,60,90,SUPPORT_OFF,0.6672,0.6837,1.4074,0.6701,0.6708,400.0,35.0,750.0,0.715,0.9013,0.0734,0.25,0.003,20000.0,32000.0,60000.0,88000.0,200000.0,195932.62,1.3,0.7,0.9,1.1,0.7,1.0,0.974
capacity_heavy_s101_h180_SUPPORT_ON,capacity_heavy_s101_h180,capacity_heavy,101,60,180,SUPPORT_ON,0.7078,0.7221,1.4842,0.7064,0.7134,400.0,35.0,750.0,0.715,0.8998,0.0715,0.25,0.003,50000.0,80000.0,150000.0,220000.0,500000.0,483830.02,1.3,0.7,0.9,1.1,0.7,1.0,0.974
capacity_heavy_s101_h180_SUPPORT_OFF,capacity_heavy_s101_h180,capacity_heavy,101,60,180,SUPPORT_OFF,0.6399,0.6578,1.3555,0.6457,0.642,400.0,35.0,750.0,0.715,0.8998,0.0715,0.25,0.003,12500.0,20000.0,37500.0,55000.0,125000.0,120957.5,1.3,0.7,0.9,1.1,0.7,1.0,0.974
capacity_heavy_s102_h7_SUPPORT_ON,capacity_heavy_s102_h7,capacity_heavy,102,60,7,SUPPORT_ON,0.747,0.7593,1.5586,0.7416,0.7548,400.0,35.0,750.0,0.715,0.9982,0.0014,0.25,0.003,50000.0,80000.0,150000.0,220000.0,500000.0,495432.27,1.3,0.7,0.9,1.1,0.7,1.0,0.974
capacity_heavy_s102_h7_SUPPORT_OFF,capacity_heavy_s102_h7,capacity_heavy,102,60,7,SUPPORT_OFF,0.7457,0.7581,1.5562,0.7404,0.7534,400.0,35.0,750.0,0.715,0.9982,0.0014,0.25,0.003,44776.119402985074,71641.79104477612,134328.35820895524,197014.92537313435,447761.19,443670.69,1.3,0.7,0.9,1.1,0.7,1.0,0.974
capacity_heavy_s102_h30_SUPPORT_ON,capacity_heavy_s102_h30,capacity_heavy,102,60,30,SUPPORT_ON,0.7308,0.7439,1.5278,0.727,0.7377,400.0,35.0,750.0,0.715,0.9724,0.0204,0.25,0.003,50000.0,80000.0,150000.0,220000.0,500000.0,493873.88,1.3,0.7,0.9,1.1,0.7,1.0,0.974
capacity_heavy_s102_h30_SUPPORT_OFF,capacity_heavy_s102_h30,capacity_heavy,102,60,30,SUPPORT_OFF,0.7114,0.7256,1.4911,0.7097,0.7173,400.0,35.0,750.0,0.715,0.9724,0.0204,0.25,0.003,33333.33333333333,53333.33333333333,100000.0,146666.66666666666,333333.33,329249.25,1.3,0.7,0.9,1.1,0.7,1.0,0.974
capacity_heavy_s102_h90_SUPPORT_ON,capacity_heavy_s102_h90,capacity_heavy,102,60,90,SUPPORT_ON,0.7049,0.7194,1.4788,0.7039,0.7104,400.0,35.0,750.0,0.715,0.9256,0.0528,0.25,0.003,50000.0,80000.0,150000.0,220000.0,500000.0,489831.55,1.3,0.7,0.9,1.1,0.7,1.0,0.974
capacity_heavy_s102_h90_SUPPORT_OFF,capacity_heavy_s102_h90,capacity_heavy,102,60,90,SUPPORT_OFF,0.6547,0.6718,1.3837,0.659,0.6576,400.0,35.0,750.0,0.715,0.9256,0.0528,0.25,0.003,20000.0,32000.0,60000.0,88000.0,200000.0,195932.62,1.3,0.7,0.9,1.1,0.7,1.0,0.974
capacity_heavy_s102_h180_SUPPORT_ON,capacity_heavy_s102_h180,capacity_heavy,102,60,180,SUPPORT_ON,0.7242,0.7377,1.5154,0.7212,0.7308,400.0,35.0,750.0,0.715,0.9174,0.0604,0.25,0.003,50000.0,80000.0,150000.0,220000.0,500000.0,483830.02,1.3,0.7,0.9,1.1,0.7,1.0,0.974
capacity_heavy_s102_h180_SUPPORT_OFF,capacity_heavy_s102_h180,capacity_heavy,102,60,180,SUPPORT_OFF,0.6669,0.6834,1.4067,0.6699,0.6704,400.0,35.0,750.0,0.715,0.9174,0.0604,0.25,0.003,12500.0,20000.0,37500.0,55000.0,125000.0,120957.5,1.3,0.7,0.9,1.1,0.7,1.0,0.974
capacity_heavy_s103_h7_SUPPORT_ON,capacity_heavy_s103_h7,capacity_heavy,103,60,7,SUPPORT_ON,0.7395,0.7522,1.5444,0.7348,0.7469,400.0,35.0,750.0,0.715,0.9594,0.0303,0.25,0.003,50000.0,80000.0,150000.0,220000.0,500000.0,495432.27,1.3,0.7,0.9,1.1,0.7,1.0,0.974
capacity_heavy_s103_h7_SUPPORT_OFF,capacity_heavy_s103_h7,capacity_heavy,103,60,7,SUPPORT_OFF,0.7107,0.7249,1.4898,0.7091,0.7165,400.0,35.0,750.0,0.715,0.9594,0.0303,0.25,0.003,44776.119402985074,71641.79104477612,134328.35820895524,197014.92537313435,447761.19,443670.69,1.3,0.7,0.9,1.1,0.7,1.0,0.974
capacity_heavy_s103_h30_SUPPORT_ON,capacity_heavy_s103_h30,capacity_heavy,103,60,30,SUPPORT_ON,0.7392,0.7518,1.5437,0.7345,0.7465,400.0,35.0,750.0,0.715,0.9707,0.0218,0.25,0.003,50000.0,80000.0,150000.0,220000.0,500000.0,493873.88,1.3,0.7,0.9,1.1,0.7,1.0,0.974
capacity_heavy_s103_h30_SUPPORT_OFF,capacity_heavy_s103_h30,capacity_heavy,103,60,30,SUPPORT_OFF,0.7184,0.7322,1.5044,0.7159,0.7246,400.0,35.0,750.0,0.715,0.9707,0.0218,0.25,0.003,33333.33333333333,53333.33333333333,100000.0,146666.66666666666,333333.33,329249.25,1.3,0.7,0.9,1.1,0.7,1.0,0.974
capacity_heavy_s103_h90_SUPPORT_ON,capacity_heavy_s103_h90,capacity_heavy,103,60,90,SUPPORT_ON,0.7201,0.7338,1.5076,0.7175,0.7265,400.0,35.0,750.0,0.715,0.9535,0.0338,0.25,0.003,50000.0,80000.0,150000.0,220000.0,500000.0,489831.55,1.3,0.7,0.9,1.1,0.7,1.0,0.974
capacity_heavy_s103_h90_SUPPORT_OFF,capacity_heavy_s103_h90,capacity_heavy,103,60,90,SUPPORT_OFF,0.688,0.7034,1.4468,0.6888,0.6927,400.0,35.0,750.0,0.715,0.9535,0.0338,0.25,0.003,20000.0,32000.0,60000.0,88000.0,200000.0,195932.62,1.3,0.7,0.9,1.1,0.7,1.0,0.974
capacity_heavy_s103_h180_SUPPORT_ON,capacity_heavy_s103_h180,capacity_heavy,103,60,180,SUPPORT_ON,0.7526,0.7646,1.5691,0.7465,0.7606,400.0,35.0,750.0,0.715,0.9141,0.0654,0.25,0.003,50000.0,80000.0,150000.0,220000.0,500000.0,483830.02,1.3,0.7,0.9,1.1,0.7,1.0,0.974
capacity_heavy_s103_h180_SUPPORT_OFF,capacity_heavy_s103_h180,capacity_heavy,103,60,180,SUPPORT_OFF,0.6905,0.7057,1.4514,0.691,0.6952,400.0,35.0,750.0,0.715,0.9141,0.0654,0.25,0.003,12500.0,20000.0,37500.0,55000.0,125000.0,120957.5,1.3,0.7,0.9,1.1,0.7,1.0,0.974
capacity_heavy_s104_h7_SUPPORT_ON,capacity_heavy_s104_h7,capacity_heavy,104,60,7,SUPPORT_ON,0.7171,0.7309,1.5018,0.7147,0.7232,400.0,35.0,750.0,0.715,0.9884,0.0084,0.25,0.003,50000.0,80000.0,150000.0,220000.0,500000.0,495432.27,1.3,0.7,0.9,1.1,0.7,1.0,0.974
capacity_heavy_s104_h7_SUPPORT_OFF,capacity_heavy_s104_h7,capacity_heavy,104,60,7,SUPPORT_OFF,0.7091,0.7233,1.4867,0.7076,0.7148,400.0,35.0,750.0,0.715,0.9884,0.0084,0.25,0.003,44776.119402985074,71641.79104477612,134328.35820895524,197014.92537313435,447761.19,443670.69,1.3,0.7,0.9,1.1,0.7,1.0,0.974
capacity_heavy_s104_h30_SUPPORT_ON,capacity_heavy_s104_h30,capacity_heavy,104,60,30,SUPPORT_ON,0.7393,0.752,1.5439,0.7346,0.7466,400.0,35.0,750.0,0.715,0.9981,0.0014,0.25,0.003,50000.0,80000.0,150000.0,220000.0,500000.0,493873.88,1.3,0.7,0.9,1.1,0.7,1.0,0.974
capacity_heavy_s104_h30_SUPPORT_OFF,capacity_heavy_s104_h30,capacity_heavy,104,60,30,SUPPORT_OFF,0.7379,0.7507,1.5413,0.7334,0.7452,400.0,35.0,750.0,0.715,0.9981,0.0014,0.25,0.003,33333.33333333333,53333.33333333333,100000.0,146666.66666666666,333333.33,329249.25,1.3,0.7,0.9,1.1,0.7,1.0,0.974
capacity_heavy_s104_h90_SUPPORT_ON,capacity_heavy_s104_h90,capacity_heavy,104,60,90,SUPPORT_ON,0.7239,0.7374,1.5147,0.7209,0.7304,400.0,35.0,750.0,0.715,0.937,0.046,0.25,0.003,50000.0,80000.0,150000.0,220000.0,500000.0,489831.55,1.3,0.7,0.9,1.1,0.7,1.0,0.974
capacity_heavy_s104_h90_SUPPORT_OFF,capacity_heavy_s104_h90,capacity_heavy,104,60,90,SUPPORT_OFF,0.6802,0.696,1.432,0.6818,0.6844,400.0,35.0,750.0,0.715,0.937,0.046,0.25,0.003,20000.0,32000.0,60000.0,88000.0,200000.0,195932.62,1.3,0.7,0.9,1.1,0.7,1.0,0.974
capacity_heavy_s104_h180_SUPPORT_ON,capacity_heavy_s104_h180,capacity_heavy,104,60,180,SUPPORT_ON,0.712,0.7261,1.4922,0.7102,0.7179,400.0,35.0,750.0,0.715,0.8707,0.0928,0.25,0.003,50000.0,80000.0,150000.0,220000.0,500000.0,483830.02,1.3,0.7,0.9,1.1,0.7,1.0,0.974
capacity_heavy_s104_h180_SUPPORT_OFF,capacity_heavy_s104_h180,capacity_heavy,104,60,180,SUPPORT_OFF,0.6238,0.6425,1.3251,0.6313,0.625,400.0,35.0,750.0,0.715,0.8707,0.0928,0.25,0.003,12500.0,20000.0,37500.0,55000.0,125000.0,120957.5,1.3,0.7,0.9,1.1,0.7,1.0,0.974
bottleneck_targeted_s101_h7_SUPPORT_ON,bottleneck_targeted_s101_h7,bottleneck_targeted,101,60,7,SUPPORT_ON,0.8054,0.8146,1.6693,0.7938,0.8163,600.0,28.0,650.0,0.663,1.0153,-0.0125,0.35,0.004,90000.0,110000.0,130000.0,170000.0,500000.0,495432.27,1.05,1.0,1.1,1.02,1.0,1.042,1.042
bottleneck_targeted_s101_h7_SUPPORT_OFF,bottleneck_targeted_s101_h7,bottleneck_targeted,101,60,7,SUPPORT_OFF,0.8173,0.8258,1.6917,0.8044,0.8287,600.0,28.0,650.0,0.663,1.0153,-0.0125,0.35,0.004,80597.01492537314,98507.46268656717,116417.9104477612,152238.80597014926,447761.19,443670.69,1.05,1.0,1.1,1.02,1.0,1.042,1.042
bottleneck_targeted_s101_h30_SUPPORT_ON,bottleneck_targeted_s101_h30,bottleneck_targeted,101,60,30,SUPPORT_ON,0.7886,0.7987,1.6374,0.7788,0.7986,600.0,28.0,650.0,0.663,0.9793,0.0166,0.35,0.004,90000.0,110000.0,130000.0,170000.0,500000.0,493873.88,1.05,1.0,1.1,1.02,1.0,1.042,1.042
bottleneck_targeted_s101_h30_SUPPORT_OFF,bottleneck_targeted_s101_h30,bottleneck_targeted,101,60,30,SUPPORT_OFF,0.7729,0.7838,1.6076,0.7647,0.782,600.0,28.0,650.0,0.663,0.9793,0.0166,0.35,0.004,60000.0,73333.33333333333,86666.66666666666,113333.33333333333,333333.33,329249.25,1.05,1.0,1.1,1.02,1.0,1.042,1.042
bottleneck_targeted_s101_h90_SUPPORT_ON,bottleneck_targeted_s101_h90,bottleneck_targeted,101,60,90,SUPPORT_ON,0.7969,0.8065,1.653,0.7861,0.8072,600.0,28.0,650.0,0.663,0.8822,0.0951,0.35,0.004,90000.0,110000.0,130000.0,170000.0,500000.0,489831.55,1.05,1.0,1.1,1.02,1.0,1.042,1.042
bottleneck_targeted_s101_h90_SUPPORT_OFF,bottleneck_targeted_s101_h90,bottleneck_targeted,101,60,90,SUPPORT_OFF,0.7065,0.7209,1.4819,0.7053,0.7121,600.0,28.0,650.0,0.663,0.8822,0.0951,0.35,0.004,36000.0,44000.0,52000.0,68000.0,200000.0,195932.62,1.05,1.0,1.1,1.02,1.0,1.042,1.042
bottleneck_targeted_s101_h180_SUPPORT_ON,bottleneck_targeted_s101_h180,bottleneck_targeted,101,60,180,SUPPORT_ON,0.7969,0.8065,1.653,0.7861,0.8072,600.0,28.0,650.0,0.663,0.8489,0.1219,0.35,0.004,90000.0,110000.0,130000.0,170000.0,500000.0,483830.02,1.05,1.0,1.1,1.02,1.0,1.042,1.042
bottleneck_targeted_s101_h180_SUPPORT_OFF,bottleneck_targeted_s101_h180,bottleneck_targeted,101,60,180,SUPPORT_OFF,0.681,0.6968,1.4335,0.6825,0.6853,600.0,28.0,650.0,0.663,0.8489,0.1219,0.35,0.004,22500.0,27500.0,32500.0,42500.0,125000.0,120957.5,1.05,1.0,1.1,1.02,1.0,1.042,1.042
bottleneck_targeted_s102_h7_SUPPORT_ON,bottleneck_targeted_s102_h7,bottleneck_targeted,102,60,7,SUPPORT_ON,0.7893,0.7994,1.6387,0.7794,0.7993,600.0,28.0,650.0,0.663,1.0197,-0.0157,0.35,0.004,90000.0,110000.0,130000.0,170000.0,500000.0,495432.27,1.05,1.0,1.1,1.02,1.0,1.042,1.042
bottleneck_targeted_s102_h7_SUPPORT_OFF,bottleneck_targeted_s102_h7,bottleneck_targeted,102,60,7,SUPPORT_OFF,0.8043,0.8135,1.6671,0.7928,0.815,600.0,28.0,650.0,0.663,1.0197,-0.0157,0.35,0.004,80597.01492537314,98507.46268656717,116417.9104477612,152238.80597014926,447761.19,443670.69,1.05,1.0,1.1,1.02,1.0,1.042,1.042
bottleneck_targeted_s102_h30_SUPPORT_ON,bottleneck_targeted_s102_h30,bottleneck_targeted,102,60,30,SUPPORT_ON,0.7402,0.7528,1.5457,0.7355,0.7476,600.0,28.0,650.0,0.663,0.9769,0.0173,0.35,0.004,90000.0,110000.0,130000.0,170000.0,500000.0,493873.88,1.05,1.0,1.1,1.02,1.0,1.042,1.042
bottleneck_targeted_s102_h30_SUPPORT_OFF,bottleneck_targeted_s102_h30,bottleneck_targeted,102,60,30,SUPPORT_OFF,0.7238,0.7373,1.5146,0.7208,0.7303,600.0,28.0,650.0,0.663,0.9769,0.0173,0.35,0.004,60000.0,73333.33333333333,86666.66666666666,113333.33333333333,333333.33,329249.25,1.05,1.0,1.1,1.02,1.0,1.042,1.042
bottleneck_targeted_s102_h90_SUPPORT_ON,bottleneck_targeted_s102_h90,bottleneck_targeted,102,60,90,SUPPORT_ON,0.7917,0.8016,1.6431,0.7815,0.8017,600.0,28.0,650.0,0.663,0.8886,0.0893,0.35,0.004,90000.0,110000.0,130000.0,170000.0,500000.0,489831.55,1.05,1.0,1.1,1.02,1.0,1.042,1.042
bottleneck_targeted_s102_h90_SUPPORT_OFF,bottleneck_targeted_s102_h90,bottleneck_targeted,102,60,90,SUPPORT_OFF,0.7068,0.7212,1.4824,0.7056,0.7124,600.0,28.0,650.0,0.663,0.8886,0.0893,0.35,0.004,36000.0,44000.0,52000.0,68000.0,200000.0,195932.62,1.05,1.0,1.1,1.02,1.0,1.042,1.042
bottleneck_targeted_s102_h180_SUPPORT_ON,bottleneck_targeted_s102_h180,bottleneck_targeted,102,60,180,SUPPORT_ON,0.7917,0.8017,1.6433,0.7816,0.8018,600.0,28.0,650.0,0.663,0.7832,0.1739,0.35,0.004,90000.0,110000.0,130000.0,170000.0,500000.0,483830.02,1.05,1.0,1.1,1.02,1.0,1.042,1.042
bottleneck_targeted_s102_h180_SUPPORT_OFF,bottleneck_targeted_s102_h180,bottleneck_targeted,102,60,180,SUPPORT_OFF,0.6266,0.6452,1.3304,0.6338,0.628,600.0,28.0,650.0,0.663,0.7832,0.1739,0.35,0.004,22500.0,27500.0,32500.0,42500.0,125000.0,120957.5,1.05,1.0,1.1,1.02,1.0,1.042,1.042
bottleneck_targeted_s103_h7_SUPPORT_ON,bottleneck_targeted_s103_h7,bottleneck_targeted,103,60,7,SUPPORT_ON,0.7858,0.796,1.6321,0.7763,0.7956,600.0,28.0,650.0,0.663,0.9971,0.0023,0.35,0.004,90000.0,110000.0,130000.0,170000.0,500000.0,495432.27,1.05,1.0,1.1,1.02,1.0,1.042,1.042
bottleneck_targeted_s103_h7_SUPPORT_OFF,bottleneck_targeted_s103_h7,bottleneck_targeted,103,60,7,SUPPORT_OFF,0.7836,0.7939,1.6279,0.7743,0.7933,600.0,28.0,650.0,0.663,0.9971,0.0023,0.35,0.004,80597.01492537314,98507.46268656717,116417.9104477612,152238.80597014926,447761.19,443670.69,1.05,1.0,1.1,1.02,1.0,1.042,1.042
bottleneck_targeted_s103_h30_SUPPORT_ON,bottleneck_targeted_s103_h30,bottleneck_targeted,103,60,30,SUPPORT_ON,0.8181,0.8266,1.6932,0.8051,0.8296,600.0,28.0,650.0,0.663,0.9511,0.0406,0.35,0.004,90000.0,110000.0,130000.0,170000.0,500000.0,493873.88,1.05,1.0,1.1,1.02,1.0,1.042,1.042
bottleneck_targeted_s103_h30_SUPPORT_OFF,bottleneck_targeted_s103_h30,bottleneck_targeted,103,60,30,SUPPORT_OFF,0.7795,0.7901,1.6201,0.7706,0.789,600.0,28.0,650.0,0.663,0.9511,0.0406,0.35,0.004,60000.0,73333.33333333333,86666.66666666666,113333.33333333333,333333.33,329249.25,1.05,1.0,1.1,1.02,1.0,1.042,1.042
bottleneck_targeted_s103_h90_SUPPORT_ON,bottleneck_targeted_s103_h90,bottleneck_targeted,103,60,90,SUPPORT_ON,0.7746,0.7854,1.6109,0.7663,0.7838,600.0,28.0,650.0,0.663,0.8846,0.0905,0.35,0.004,90000.0,110000.0,130000.0,170000.0,500000.0,489831.55,1.05,1.0,1.1,1.02,1.0,1.042,1.042
bottleneck_targeted_s103_h90_SUPPORT_OFF,bottleneck_targeted_s103_h90,bottleneck_targeted,103,60,90,SUPPORT_OFF,0.6887,0.704,1.4481,0.6894,0.6934,600.0,28.0,650.0,0.663,0.8846,0.0905,0.35,0.004,36000.0,44000.0,52000.0,68000.0,200000.0,195932.62,1.05,1.0,1.1,1.02,1.0,1.042,1.042
bottleneck_targeted_s103_h180_SUPPORT_ON,bottleneck_targeted_s103_h180,bottleneck_targeted,103,60,180,SUPPORT_ON,0.8074,0.8165,1.673,0.7956,0.8183,600.0,28.0,650.0,0.663,0.8264,0.1421,0.35,0.004,90000.0,110000.0,130000.0,170000.0,500000.0,483830.02,1.05,1.0,1.1,1.02,1.0,1.042,1.042
bottleneck_targeted_s103_h180_SUPPORT_OFF,bottleneck_targeted_s103_h180,bottleneck_targeted,103,60,180,SUPPORT_OFF,0.6724,0.6886,1.4172,0.6748,0.6762,600.0,28.0,650.0,0.663,0.8264,0.1421,0.35,0.004,22500.0,27500.0,32500.0,42500.0,125000.0,120957.5,1.05,1.0,1.1,1.02,1.0,1.042,1.042
bottleneck_targeted_s104_h7_SUPPORT_ON,bottleneck_targeted_s104_h7,bottleneck_targeted,104,60,7,SUPPORT_ON,0.7799,0.7905,1.6209,0.771,0.7894,600.0,28.0,650.0,0.663,1.0001,-0.0001,0.35,0.004,90000.0,110000.0,130000.0,170000.0,500000.0,495432.27,1.05,1.0,1.1,1.02,1.0,1.042,1.042
bottleneck_targeted_s104_h7_SUPPORT_OFF,bottleneck_targeted_s104_h7,bottleneck_targeted,104,60,7,SUPPORT_OFF,0.78,0.7905,1.6211,0.7711,0.7895,600.0,28.0,650.0,0.663,1.0001,-0.0001,0.35,0.004,80597.01492537314,98507.46268656717,116417.9104477612,152238.80597014926,447761.19,443670.69,1.05,1.0,1.1,1.02,1.0,1.042,1.042
bottleneck_targeted_s104_h30_SUPPORT_ON,bottleneck_targeted_s104_h30,bottleneck_targeted,104,60,30,SUPPORT_ON,0.7918,0.8017,1.6435,0.7817,0.8019,600.0,28.0,650.0,0.663,0.9785,0.0172,0.35,0.004,90000.0,110000.0,130000.0,170000.0,500000.0,493873.88,1.05,1.0,1.1,1.02,1.0,1.042,1.042
bottleneck_targeted_s104_h30_SUPPORT_OFF,bottleneck_targeted_s104_h30,bottleneck_targeted,104,60,30,SUPPORT_OFF,0.7755,0.7863,1.6125,0.767,0.7847,600.0,28.0,650.0,0.663,0.9785,0.0172,0.35,0.004,60000.0,73333.33333333333,86666.66666666666,113333.33333333333,333333.33,329249.25,1.05,1.0,1.1,1.02,1.0,1.042,1.042
bottleneck_targeted_s104_h90_SUPPORT_ON,bottleneck_targeted_s104_h90,bottleneck_targeted,104,60,90,SUPPORT_ON,0.7767,0.7874,1.6147,0.7681,0.786,600.0,28.0,650.0,0.663,0.8879,0.0881,0.35,0.004,90000.0,110000.0,130000.0,170000.0,500000.0,489831.55,1.05,1.0,1.1,1.02,1.0,1.042,1.042
bottleneck_targeted_s104_h90_SUPPORT_OFF,bottleneck_targeted_s104_h90,bottleneck_targeted,104,60,90,SUPPORT_OFF,0.693,0.7081,1.4562,0.6932,0.6979,600.0,28.0,650.0,0.663,0.8879,0.0881,0.35,0.004,36000.0,44000.0,52000.0,68000.0,200000.0,195932.62,1.05,1.0,1.1,1.02,1.0,1.042,1.042
bottleneck_targeted_s104_h180_SUPPORT_ON,bottleneck_targeted_s104_h180,bottleneck_targeted,104,60,180,SUPPORT_ON,0.7825,0.7929,1.6259,0.7733,0.7922,600.0,28.0,650.0,0.663,0.7927,0.1643,0.35,0.004,90000.0,110000.0,130000.0,170000.0,500000.0,483830.02,1.05,1.0,1.1,1.02,1.0,1.042,1.042
bottleneck_targeted_s104_h180_SUPPORT_OFF,bottleneck_targeted_s104_h180,bottleneck_targeted,104,60,180,SUPPORT_OFF,0.6265,0.6451,1.3302,0.6337,0.6279,600.0,28.0,650.0,0.663,0.7927,0.1643,0.35,0.004,22500.0,27500.0,32500.0,42500.0,125000.0,120957.5,1.05,1.0,1.1,1.02,1.0,1.042,1.042
calendar_transition_s101_h7_SUPPORT_ON,calendar_transition_s101_h7,calendar_transition,101,60,7,SUPPORT_ON,0.8146,0.8233,1.6867,0.802,0.8259,800.0,12.0,350.0,0.423,0.9742,0.0213,0.5,0.009,160000.0,150000.0,80000.0,110000.0,500000.0,495432.27,0.7,0.95,0.75,0.65,0.65,0.762,0.755
calendar_transition_s101_h7_SUPPORT_OFF,calendar_transition_s101_h7,calendar_transition,101,60,7,SUPPORT_OFF,0.7944,0.8042,1.6483,0.7839,0.8046,800.0,12.0,350.0,0.423,0.9742,0.0213,0.5,0.009,143283.58208955225,134328.35820895524,71641.79104477612,98507.46268656717,447761.19,443670.69,0.7,0.95,0.75,0.65,0.65,0.762,0.755
calendar_transition_s101_h30_SUPPORT_ON,calendar_transition_s101_h30,calendar_transition,101,60,30,SUPPORT_ON,0.8091,0.8181,1.6762,0.7971,0.8201,800.0,12.0,350.0,0.423,0.8774,0.1005,0.5,0.009,160000.0,150000.0,80000.0,110000.0,500000.0,493873.88,0.7,0.95,0.75,0.65,0.65,0.762,0.755
calendar_transition_s101_h30_SUPPORT_OFF,calendar_transition_s101_h30,calendar_transition,101,60,30,SUPPORT_OFF,0.7136,0.7276,1.4952,0.7116,0.7196,800.0,12.0,350.0,0.423,0.8774,0.1005,0.5,0.009,106666.66666666666,100000.0,53333.33333333333,73333.33333333333,333333.33,329249.25,0.7,0.95,0.75,0.65,0.65,0.762,0.755
calendar_transition_s101_h90_SUPPORT_ON,calendar_transition_s101_h90,calendar_transition,101,60,90,SUPPORT_ON,0.7821,0.7925,1.625,0.7729,0.7917,800.0,12.0,350.0,0.423,0.7145,0.2261,0.5,0.009,160000.0,150000.0,80000.0,110000.0,500000.0,489831.55,0.7,0.95,0.75,0.65,0.65,0.762,0.755
calendar_transition_s101_h90_SUPPORT_OFF,calendar_transition_s101_h90,calendar_transition,101,60,90,SUPPORT_OFF,0.5674,0.5891,1.2181,0.5808,0.5656,800.0,12.0,350.0,0.423,0.7145,0.2261,0.5,0.009,64000.0,60000.0,32000.0,44000.0,200000.0,195932.62,0.7,0.95,0.75,0.65,0.65,0.762,0.755
calendar_transition_s101_h180_SUPPORT_ON,calendar_transition_s101_h180,calendar_transition,101,60,180,SUPPORT_ON,0.8025,0.8118,1.6637,0.7912,0.8131,800.0,12.0,350.0,0.423,0.5841,0.3381,0.5,0.009,160000.0,150000.0,80000.0,110000.0,500000.0,483830.02,0.7,0.95,0.75,0.65,0.65,0.762,0.755
calendar_transition_s101_h180_SUPPORT_OFF,calendar_transition_s101_h180,calendar_transition,101,60,180,SUPPORT_OFF,0.4812,0.5075,1.055,0.5037,0.475,800.0,12.0,350.0,0.423,0.5841,0.3381,0.5,0.009,40000.0,37500.0,20000.0,27500.0,125000.0,120957.5,0.7,0.95,0.75,0.65,0.65,0.762,0.755
calendar_transition_s102_h7_SUPPORT_ON,calendar_transition_s102_h7,calendar_transition,102,60,7,SUPPORT_ON,0.8059,0.8151,1.6702,0.7943,0.8168,800.0,12.0,350.0,0.423,0.9769,0.0189,0.5,0.009,160000.0,150000.0,80000.0,110000.0,500000.0,495432.27,0.7,0.95,0.75,0.65,0.65,0.762,0.755
calendar_transition_s102_h7_SUPPORT_OFF,calendar_transition_s102_h7,calendar_transition,102,60,7,SUPPORT_OFF,0.788,0.7981,1.6362,0.7782,0.7979,800.0,12.0,350.0,0.423,0.9769,0.0189,0.5,0.009,143283.58208955225,134328.35820895524,71641.79104477612,98507.46268656717,447761.19,443670.69,0.7,0.95,0.75,0.65,0.65,0.762,0.755
calendar_transition_s102_h30_SUPPORT_ON,calendar_transition_s102_h30,calendar_transition,102,60,30,SUPPORT_ON,0.8448,0.852,1.7439,0.8291,0.8577,800.0,12.0,350.0,0.423,0.8847,0.0989,0.5,0.009,160000.0,150000.0,80000.0,110000.0,500000.0,493873.88,0.7,0.95,0.75,0.65,0.65,0.762,0.755
calendar_transition_s102_h30_SUPPORT_OFF,calendar_transition_s102_h30,calendar_transition,102,60,30,SUPPORT_OFF,0.7509,0.763,1.566,0.745,0.7589,800.0,12.0,350.0,0.423,0.8847,0.0989,0.5,0.009,106666.66666666666,100000.0,53333.33333333333,73333.33333333333,333333.33,329249.25,0.7,0.95,0.75,0.65,0.65,0.762,0.755
calendar_transition_s102_h90_SUPPORT_ON,calendar_transition_s102_h90,calendar_transition,102,60,90,SUPPORT_ON,0.8139,0.8226,1.6853,0.8014,0.8252,800.0,12.0,350.0,0.423,0.7211,0.2302,0.5,0.009,160000.0,150000.0,80000.0,110000.0,500000.0,489831.55,0.7,0.95,0.75,0.65,0.65,0.762,0.755
calendar_transition_s102_h90_SUPPORT_OFF,calendar_transition_s102_h90,calendar_transition,102,60,90,SUPPORT_OFF,0.5952,0.6155,1.271,0.6057,0.595,800.0,12.0,350.0,0.423,0.7211,0.2302,0.5,0.009,64000.0,60000.0,32000.0,44000.0,200000.0,195932.62,0.7,0.95,0.75,0.65,0.65,0.762,0.755
calendar_transition_s102_h180_SUPPORT_ON,calendar_transition_s102_h180,calendar_transition,102,60,180,SUPPORT_ON,0.7725,0.7835,1.6069,0.7644,0.7816,800.0,12.0,350.0,0.423,0.5984,0.3139,0.5,0.009,160000.0,150000.0,80000.0,110000.0,500000.0,483830.02,0.7,0.95,0.75,0.65,0.65,0.762,0.755
calendar_transition_s102_h180_SUPPORT_OFF,calendar_transition_s102_h180,calendar_transition,102,60,180,SUPPORT_OFF,0.4744,0.501,1.042,0.4976,0.4678,800.0,12.0,350.0,0.423,0.5984,0.3139,0.5,0.009,40000.0,37500.0,20000.0,27500.0,125000.0,120957.5,0.7,0.95,0.75,0.65,0.65,0.762,0.755
calendar_transition_s103_h7_SUPPORT_ON,calendar_transition_s103_h7,calendar_transition,103,60,7,SUPPORT_ON,0.8101,0.8191,1.6782,0.798,0.8212,800.0,12.0,350.0,0.423,1.0145,-0.0119,0.5,0.009,160000.0,150000.0,80000.0,110000.0,500000.0,495432.27,0.7,0.95,0.75,0.65,0.65,0.762,0.755
calendar_transition_s103_h7_SUPPORT_OFF,calendar_transition_s103_h7,calendar_transition,103,60,7,SUPPORT_OFF,0.8214,0.8298,1.6995,0.8081,0.8331,800.0,12.0,350.0,0.423,1.0145,-0.0119,0.5,0.009,143283.58208955225,134328.35820895524,71641.79104477612,98507.46268656717,447761.19,443670.69,0.7,0.95,0.75,0.65,0.65,0.762,0.755
calendar_transition_s103_h30_SUPPORT_ON,calendar_transition_s103_h30,calendar_transition,103,60,30,SUPPORT_ON,0.8053,0.8145,1.6691,0.7937,0.8162,800.0,12.0,350.0,0.423,0.8872,0.092,0.5,0.009,160000.0,150000.0,80000.0,110000.0,500000.0,493873.88,0.7,0.95,0.75,0.65,0.65,0.762,0.755
calendar_transition_s103_h30_SUPPORT_OFF,calendar_transition_s103_h30,calendar_transition,103,60,30,SUPPORT_OFF,0.7179,0.7317,1.5034,0.7155,0.7241,800.0,12.0,350.0,0.423,0.8872,0.092,0.5,0.009,106666.66666666666,100000.0,53333.33333333333,73333.33333333333,333333.33,329249.25,0.7,0.95,0.75,0.65,0.65,0.762,0.755
calendar_transition_s103_h90_SUPPORT_ON,calendar_transition_s103_h90,calendar_transition,103,60,90,SUPPORT_ON,0.8083,0.8174,1.6748,0.7964,0.8193,800.0,12.0,350.0,0.423,0.701,0.2449,0.5,0.009,160000.0,150000.0,80000.0,110000.0,500000.0,489831.55,0.7,0.95,0.75,0.65,0.65,0.762,0.755
calendar_transition_s103_h90_SUPPORT_OFF,calendar_transition_s103_h90,calendar_transition,103,60,90,SUPPORT_OFF,0.5756,0.5969,1.2338,0.5882,0.5744,800.0,12.0,350.0,0.423,0.701,0.2449,0.5,0.009,64000.0,60000.0,32000.0,44000.0,200000.0,195932.62,0.7,0.95,0.75,0.65,0.65,0.762,0.755
calendar_transition_s103_h180_SUPPORT_ON,calendar_transition_s103_h180,calendar_transition,103,60,180,SUPPORT_ON,0.8307,0.8386,1.7171,0.8164,0.8429,800.0,12.0,350.0,0.423,0.6123,0.3267,0.5,0.009,160000.0,150000.0,80000.0,110000.0,500000.0,483830.02,0.7,0.95,0.75,0.65,0.65,0.762,0.755
calendar_transition_s103_h180_SUPPORT_OFF,calendar_transition_s103_h180,calendar_transition,103,60,180,SUPPORT_OFF,0.5203,0.5445,1.129,0.5387,0.5161,800.0,12.0,350.0,0.423,0.6123,0.3267,0.5,0.009,40000.0,37500.0,20000.0,27500.0,125000.0,120957.5,0.7,0.95,0.75,0.65,0.65,0.762,0.755
calendar_transition_s104_h7_SUPPORT_ON,calendar_transition_s104_h7,calendar_transition,104,60,7,SUPPORT_ON,0.824,0.8322,1.7045,0.8104,0.8358,800.0,12.0,350.0,0.423,0.9532,0.0392,0.5,0.009,160000.0,150000.0,80000.0,110000.0,500000.0,495432.27,0.7,0.95,0.75,0.65,0.65,0.762,0.755
calendar_transition_s104_h7_SUPPORT_OFF,calendar_transition_s104_h7,calendar_transition,104,60,7,SUPPORT_OFF,0.7868,0.797,1.634,0.7772,0.7967,800.0,12.0,350.0,0.423,0.9532,0.0392,0.5,0.009,143283.58208955225,134328.35820895524,71641.79104477612,98507.46268656717,447761.19,443670.69,0.7,0.95,0.75,0.65,0.65,0.762,0.755
calendar_transition_s104_h30_SUPPORT_ON,calendar_transition_s104_h30,calendar_transition,104,60,30,SUPPORT_ON,0.8357,0.8433,1.7265,0.8208,0.8481,800.0,12.0,350.0,0.423,0.8569,0.1214,0.5,0.009,160000.0,150000.0,80000.0,110000.0,500000.0,493873.88,0.7,0.95,0.75,0.65,0.65,0.762,0.755
calendar_transition_s104_h30_SUPPORT_OFF,calendar_transition_s104_h30,calendar_transition,104,60,30,SUPPORT_OFF,0.7204,0.734,1.508,0.7177,0.7267,800.0,12.0,350.0,0.423,0.8569,0.1214,0.5,0.009,106666.66666666666,100000.0,53333.33333333333,73333.33333333333,333333.33,329249.25,0.7,0.95,0.75,0.65,0.65,0.762,0.755
calendar_transition_s104_h90_SUPPORT_ON,calendar_transition_s104_h90,calendar_transition,104,60,90,SUPPORT_ON,0.8202,0.8286,1.6971,0.807,0.8317,800.0,12.0,350.0,0.423,0.7619,0.198,0.5,0.009,160000.0,150000.0,80000.0,110000.0,500000.0,489831.55,0.7,0.95,0.75,0.65,0.65,0.762,0.755
calendar_transition_s104_h90_SUPPORT_OFF,calendar_transition_s104_h90,calendar_transition,104,60,90,SUPPORT_OFF,0.632,0.6504,1.3407,0.6387,0.6337,800.0,12.0,350.0,0.423,0.7619,0.198,0.5,0.009,64000.0,60000.0,32000.0,44000.0,200000.0,195932.62,0.7,0.95,0.75,0.65,0.65,0.762,0.755
calendar_transition_s104_h180_SUPPORT_ON,calendar_transition_s104_h180,calendar_transition,104,60,180,SUPPORT_ON,0.7902,0.8002,1.6403,0.7802,0.8002,800.0,12.0,350.0,0.423,0.5883,0.3294,0.5,0.009,160000.0,150000.0,80000.0,110000.0,500000.0,483830.02,0.7,0.95,0.75,0.65,0.65,0.762,0.755
calendar_transition_s104_h180_SUPPORT_OFF,calendar_transition_s104_h180,calendar_transition,104,60,180,SUPPORT_OFF,0.4772,0.5037,1.0474,0.5002,0.4708,800.0,12.0,350.0,0.423,0.5883,0.3294,0.5,0.009,40000.0,37500.0,20000.0,27500.0,125000.0,120957.5,0.7,0.95,0.75,0.65,0.65,0.762,0.755
capability_conditioned_s101_h7_SUPPORT_ON,capability_conditioned_s101_h7,capability_conditioned,101,60,7,SUPPORT_ON,0.8014,0.8108,1.6616,0.7902,0.812,650.0,30.0,680.0,0.637,0.9789,0.0171,0.38,0.0045,100000.0,120000.0,120000.0,160000.0,500000.0,495432.27,1.15,0.9,1.05,0.98,0.9,1.02,1.016
capability_conditioned_s101_h7_SUPPORT_OFF,capability_conditioned_s101_h7,capability_conditioned,101,60,7,SUPPORT_OFF,0.7851,0.7954,1.6308,0.7756,0.7949,650.0,30.0,680.0,0.637,0.9789,0.0171,0.38,0.0045,89552.23880597015,107462.68656716419,107462.68656716419,143283.58208955225,447761.19,443670.69,1.15,0.9,1.05,0.98,0.9,1.02,1.016
capability_conditioned_s101_h30_SUPPORT_ON,capability_conditioned_s101_h30,capability_conditioned,101,60,30,SUPPORT_ON,0.77,0.7811,1.6022,0.7621,0.779,650.0,30.0,680.0,0.637,0.9533,0.0364,0.38,0.0045,100000.0,120000.0,120000.0,160000.0,500000.0,493873.88,1.15,0.9,1.05,0.98,0.9,1.02,1.016
capability_conditioned_s101_h30_SUPPORT_OFF,capability_conditioned_s101_h30,capability_conditioned,101,60,30,SUPPORT_OFF,0.7355,0.7484,1.5367,0.7312,0.7426,650.0,30.0,680.0,0.637,0.9533,0.0364,0.38,0.0045,66666.66666666666,80000.0,80000.0,106666.66666666666,333333.33,329249.25,1.15,0.9,1.05,0.98,0.9,1.02,1.016
capability_conditioned_s101_h90_SUPPORT_ON,capability_conditioned_s101_h90,capability_conditioned,101,60,90,SUPPORT_ON,0.7793,0.7899,1.6198,0.7704,0.7888,650.0,30.0,680.0,0.637,0.8825,0.0927,0.38,0.0045,100000.0,120000.0,120000.0,160000.0,500000.0,489831.55,1.15,0.9,1.05,0.98,0.9,1.02,1.016
capability_conditioned_s101_h90_SUPPORT_OFF,capability_conditioned_s101_h90,capability_conditioned,101,60,90,SUPPORT_OFF,0.6912,0.7064,1.4529,0.6916,0.696,650.0,30.0,680.0,0.637,0.8825,0.0927,0.38,0.0045,40000.0,48000.0,48000.0,64000.0,200000.0,195932.62,1.15,0.9,1.05,0.98,0.9,1.02,1.016
capability_conditioned_s101_h180_SUPPORT_ON,capability_conditioned_s101_h180,capability_conditioned,101,60,180,SUPPORT_ON,0.782,0.7925,1.6249,0.7729,0.7916,650.0,30.0,680.0,0.637,0.8184,0.1437,0.38,0.0045,100000.0,120000.0,120000.0,160000.0,500000.0,483830.02,1.15,0.9,1.05,0.98,0.9,1.02,1.016
capability_conditioned_s101_h180_SUPPORT_OFF,capability_conditioned_s101_h180,capability_conditioned,101,60,180,SUPPORT_OFF,0.6455,0.6631,1.3662,0.6507,0.6479,650.0,30.0,680.0,0.637,0.8184,0.1437,0.38,0.0045,25000.0,30000.0,30000.0,40000.0,125000.0,120957.5,1.15,0.9,1.05,0.98,0.9,1.02,1.016
capability_conditioned_s102_h7_SUPPORT_ON,capability_conditioned_s102_h7,capability_conditioned,102,60,7,SUPPORT_ON,0.7846,0.7949,1.6298,0.7752,0.7943,650.0,30.0,680.0,0.637,0.9821,0.0142,0.38,0.0045,100000.0,120000.0,120000.0,160000.0,500000.0,495432.27,1.15,0.9,1.05,0.98,0.9,1.02,1.016
capability_conditioned_s102_h7_SUPPORT_OFF,capability_conditioned_s102_h7,capability_conditioned,102,60,7,SUPPORT_OFF,0.7711,0.7821,1.6043,0.7631,0.7801,650.0,30.0,680.0,0.637,0.9821,0.0142,0.38,0.0045,89552.23880597015,107462.68656716419,107462.68656716419,143283.58208955225,447761.19,443670.69,1.15,0.9,1.05,0.98,0.9,1.02,1.016
capability_conditioned_s102_h30_SUPPORT_ON,capability_conditioned_s102_h30,capability_conditioned,102,60,30,SUPPORT_ON,0.815,0.8236,1.6873,0.8023,0.8263,650.0,30.0,680.0,0.637,0.9297,0.0581,0.38,0.0045,100000.0,120000.0,120000.0,160000.0,500000.0,493873.88,1.15,0.9,1.05,0.98,0.9,1.02,1.016
capability_conditioned_s102_h30_SUPPORT_OFF,capability_conditioned_s102_h30,capability_conditioned,102,60,30,SUPPORT_OFF,0.7597,0.7713,1.5827,0.7529,0.7682,650.0,30.0,680.0,0.637,0.9297,0.0581,0.38,0.0045,66666.66666666666,80000.0,80000.0,106666.66666666666,333333.33,329249.25,1.15,0.9,1.05,0.98,0.9,1.02,1.016
capability_conditioned_s102_h90_SUPPORT_ON,capability_conditioned_s102_h90,capability_conditioned,102,60,90,SUPPORT_ON,0.8038,0.8131,1.6662,0.7924,0.8145,650.0,30.0,680.0,0.637,0.8975,0.0835,0.38,0.0045,100000.0,120000.0,120000.0,160000.0,500000.0,489831.55,1.15,0.9,1.05,0.98,0.9,1.02,1.016
capability_conditioned_s102_h90_SUPPORT_OFF,capability_conditioned_s102_h90,capability_conditioned,102,60,90,SUPPORT_OFF,0.7245,0.738,1.5159,0.7214,0.7311,650.0,30.0,680.0,0.637,0.8975,0.0835,0.38,0.0045,40000.0,48000.0,48000.0,64000.0,200000.0,195932.62,1.15,0.9,1.05,0.98,0.9,1.02,1.016
capability_conditioned_s102_h180_SUPPORT_ON,capability_conditioned_s102_h180,capability_conditioned,102,60,180,SUPPORT_ON,0.769,0.7801,1.6001,0.7612,0.7779,650.0,30.0,680.0,0.637,0.7926,0.1613,0.38,0.0045,100000.0,120000.0,120000.0,160000.0,500000.0,483830.02,1.15,0.9,1.05,0.98,0.9,1.02,1.016
capability_conditioned_s102_h180_SUPPORT_OFF,capability_conditioned_s102_h180,capability_conditioned,102,60,180,SUPPORT_OFF,0.6157,0.6349,1.3098,0.624,0.6165,650.0,30.0,680.0,0.637,0.7926,0.1613,0.38,0.0045,25000.0,30000.0,30000.0,40000.0,125000.0,120957.5,1.15,0.9,1.05,0.98,0.9,1.02,1.016
capability_conditioned_s103_h7_SUPPORT_ON,capability_conditioned_s103_h7,capability_conditioned,103,60,7,SUPPORT_ON,0.8044,0.8137,1.6674,0.7929,0.8152,650.0,30.0,680.0,0.637,1.0026,-0.0021,0.38,0.0045,100000.0,120000.0,120000.0,160000.0,500000.0,495432.27,1.15,0.9,1.05,0.98,0.9,1.02,1.016
capability_conditioned_s103_h7_SUPPORT_OFF,capability_conditioned_s103_h7,capability_conditioned,103,60,7,SUPPORT_OFF,0.8065,0.8156,1.6712,0.7947,0.8173,650.0,30.0,680.0,0.637,1.0026,-0.0021,0.38,0.0045,89552.23880597015,107462.68656716419,107462.68656716419,143283.58208955225,447761.19,443670.69,1.15,0.9,1.05,0.98,0.9,1.02,1.016
capability_conditioned_s103_h30_SUPPORT_ON,capability_conditioned_s103_h30,capability_conditioned,103,60,30,SUPPORT_ON,0.776,0.7867,1.6135,0.7675,0.7853,650.0,30.0,680.0,0.637,0.9268,0.0575,0.38,0.0045,100000.0,120000.0,120000.0,160000.0,500000.0,493873.88,1.15,0.9,1.05,0.98,0.9,1.02,1.016
capability_conditioned_s103_h30_SUPPORT_OFF,capability_conditioned_s103_h30,capability_conditioned,103,60,30,SUPPORT_OFF,0.7214,0.735,1.51,0.7186,0.7278,650.0,30.0,680.0,0.637,0.9268,0.0575,0.38,0.0045,66666.66666666666,80000.0,80000.0,106666.66666666666,333333.33,329249.25,1.15,0.9,1.05,0.98,0.9,1.02,1.016
capability_conditioned_s103_h90_SUPPORT_ON,capability_conditioned_s103_h90,capability_conditioned,103,60,90,SUPPORT_ON,0.8094,0.8184,1.6768,0.7974,0.8204,650.0,30.0,680.0,0.637,0.8789,0.0994,0.38,0.0045,100000.0,120000.0,120000.0,160000.0,500000.0,489831.55,1.15,0.9,1.05,0.98,0.9,1.02,1.016
capability_conditioned_s103_h90_SUPPORT_OFF,capability_conditioned_s103_h90,capability_conditioned,103,60,90,SUPPORT_OFF,0.715,0.729,1.4979,0.7129,0.7211,650.0,30.0,680.0,0.637,0.8789,0.0994,0.38,0.0045,40000.0,48000.0,48000.0,64000.0,200000.0,195932.62,1.15,0.9,1.05,0.98,0.9,1.02,1.016
capability_conditioned_s103_h180_SUPPORT_ON,capability_conditioned_s103_h180,capability_conditioned,103,60,180,SUPPORT_ON,0.8043,0.8135,1.667,0.7928,0.815,650.0,30.0,680.0,0.637,0.7954,0.1667,0.38,0.0045,100000.0,120000.0,120000.0,160000.0,500000.0,483830.02,1.15,0.9,1.05,0.98,0.9,1.02,1.016
capability_conditioned_s103_h180_SUPPORT_OFF,capability_conditioned_s103_h180,capability_conditioned,103,60,180,SUPPORT_OFF,0.6459,0.6634,1.3669,0.651,0.6483,650.0,30.0,680.0,0.637,0.7954,0.1667,0.38,0.0045,25000.0,30000.0,30000.0,40000.0,125000.0,120957.5,1.15,0.9,1.05,0.98,0.9,1.02,1.016
capability_conditioned_s104_h7_SUPPORT_ON,capability_conditioned_s104_h7,capability_conditioned,104,60,7,SUPPORT_ON,0.7866,0.7968,1.6335,0.7769,0.7964,650.0,30.0,680.0,0.637,0.9926,0.0059,0.38,0.0045,100000.0,120000.0,120000.0,160000.0,500000.0,495432.27,1.15,0.9,1.05,0.98,0.9,1.02,1.016
capability_conditioned_s104_h7_SUPPORT_OFF,capability_conditioned_s104_h7,capability_conditioned,104,60,7,SUPPORT_OFF,0.781,0.7914,1.6229,0.7719,0.7905,650.0,30.0,680.0,0.637,0.9926,0.0059,0.38,0.0045,89552.23880597015,107462.68656716419,107462.68656716419,143283.58208955225,447761.19,443670.69,1.15,0.9,1.05,0.98,0.9,1.02,1.016
capability_conditioned_s104_h30_SUPPORT_ON,capability_conditioned_s104_h30,capability_conditioned,104,60,30,SUPPORT_ON,0.8051,0.8143,1.6686,0.7935,0.8159,650.0,30.0,680.0,0.637,0.9389,0.0499,0.38,0.0045,100000.0,120000.0,120000.0,160000.0,500000.0,493873.88,1.15,0.9,1.05,0.98,0.9,1.02,1.016
capability_conditioned_s104_h30_SUPPORT_OFF,capability_conditioned_s104_h30,capability_conditioned,104,60,30,SUPPORT_OFF,0.7577,0.7694,1.5788,0.7511,0.766,650.0,30.0,680.0,0.637,0.9389,0.0499,0.38,0.0045,66666.66666666666,80000.0,80000.0,106666.66666666666,333333.33,329249.25,1.15,0.9,1.05,0.98,0.9,1.02,1.016
capability_conditioned_s104_h90_SUPPORT_ON,capability_conditioned_s104_h90,capability_conditioned,104,60,90,SUPPORT_ON,0.8349,0.8426,1.7252,0.8202,0.8473,650.0,30.0,680.0,0.637,0.8818,0.1001,0.38,0.0045,100000.0,120000.0,120000.0,160000.0,500000.0,489831.55,1.15,0.9,1.05,0.98,0.9,1.02,1.016
capability_conditioned_s104_h90_SUPPORT_OFF,capability_conditioned_s104_h90,capability_conditioned,104,60,90,SUPPORT_OFF,0.7398,0.7525,1.545,0.7351,0.7472,650.0,30.0,680.0,0.637,0.8818,0.1001,0.38,0.0045,40000.0,48000.0,48000.0,64000.0,200000.0,195932.62,1.15,0.9,1.05,0.98,0.9,1.02,1.016
capability_conditioned_s104_h180_SUPPORT_ON,capability_conditioned_s104_h180,capability_conditioned,104,60,180,SUPPORT_ON,0.7769,0.7876,1.6151,0.7682,0.7862,650.0,30.0,680.0,0.637,0.8016,0.156,0.38,0.0045,100000.0,120000.0,120000.0,160000.0,500000.0,483830.02,1.15,0.9,1.05,0.98,0.9,1.02,1.016
capability_conditioned_s104_h180_SUPPORT_OFF,capability_conditioned_s104_h180,capability_conditioned,104,60,180,SUPPORT_OFF,0.6287,0.6472,1.3343,0.6356,0.6302,650.0,30.0,680.0,0.637,0.8016,0.156,0.38,0.0045,25000.0,30000.0,30000.0,40000.0,125000.0,120957.5,1.15,0.9,1.05,0.98,0.9,1.02,1.016
