cell_id,support_profile,forcegen_mult,logistics_mult,command_mult,air_intensity,air_bonus,air_cost_per_contact,logistics_rate,logistics_capacity,logistics_cost_per_unit,command_reliability_boost,command_latency_reduction_fraction,command_floor_hours,command_cost_per_formation_day,forcegen_training_rate_boost,forcegen_cost_per_incremental_trainee
none_01,none,1.4,1.4,1.4,0,0,0,0,0,0,0,0,0,0,0,0
none_02,none,1.0,1.0,1.0,0,0,0,0,0,0,0,0,0,0,0,0
none_03,none,0.6,0.6,0.6,0,0,0,0,0,0,0,0,0,0,0,0
none_04,none,0.4,1.3,1.3,0,0,0,0,0,0,0,0,0,0,0,0
none_05,none,1.3,0.4,1.3,0,0,0,0,0,0,0,0,0,0,0,0
none_06,none,1.3,1.3,0.4,0,0,0,0,0,0,0,0,0,0,0,0
none_07,none,0.6,1.2,1.2,0,0,0,0,0,0,0,0,0,0,0,0
none_08,none,0.7,0.7,1.6,0,0,0,0,0,0,0,0,0,0,0,0
none_09,none,0.8,0.8,0.8,0,0,0,0,0,0,0,0,0,0,0,0
none_10,none,0.4,1.0,1.0,0,0,0,0,0,0,0,0,0,0,0,0
balanced_01,balanced,1.4,1.4,1.4,0.35,0.40,800,450,700,8,0.18,0.20,1.0,80,0.006,80
balanced_02,balanced,1.0,1.0,1.0,0.35,0.40,800,450,700,8,0.18,0.20,1.0,80,0.006,80
balanced_03,balanced,0.6,0.6,0.6,0.35,0.40,800,450,700,8,0.18,0.20,1.0,80,0.006,80
balanced_04,balanced,0.4,1.3,1.3,0.35,0.40,800,450,700,8,0.18,0.20,1.0,80,0.006,80
balanced_05,balanced,1.3,0.4,1.3,0.35,0.40,800,450,700,8,0.18,0.20,1.0,80,0.006,80
balanced_06,balanced,1.3,1.3,0.4,0.35,0.40,800,450,700,8,0.18,0.20,1.0,80,0.006,80
balanced_07,balanced,0.6,1.2,1.2,0.35,0.40,800,450,700,8,0.18,0.20,1.0,80,0.006,80
balanced_08,balanced,0.7,0.7,1.6,0.35,0.40,800,450,700,8,0.18,0.20,1.0,80,0.006,80
balanced_09,balanced,0.8,0.8,0.8,0.35,0.40,800,450,700,8,0.18,0.20,1.0,80,0.006,80
balanced_10,balanced,0.4,1.0,1.0,0.35,0.40,800,450,700,8,0.18,0.20,1.0,80,0.006,80
air_01,air_heavy,1.4,1.4,1.4,0.90,0.55,1300,100,200,8,0.05,0.05,1.0,30,0.0015,80
air_02,air_heavy,1.0,1.0,1.0,0.90,0.55,1300,100,200,8,0.05,0.05,1.0,30,0.0015,80
air_03,air_heavy,0.6,0.6,0.6,0.90,0.55,1300,100,200,8,0.05,0.05,1.0,30,0.0015,80
air_04,air_heavy,0.4,1.3,1.3,0.90,0.55,1300,100,200,8,0.05,0.05,1.0,30,0.0015,80
air_05,air_heavy,1.3,0.4,1.3,0.90,0.55,1300,100,200,8,0.05,0.05,1.0,30,0.0015,80
air_06,air_heavy,1.3,1.3,0.4,0.90,0.55,1300,100,200,8,0.05,0.05,1.0,30,0.0015,80
air_07,air_heavy,0.6,1.2,1.2,0.90,0.55,1300,100,200,8,0.05,0.05,1.0,30,0.0015,80
air_08,air_heavy,0.7,0.7,1.6,0.90,0.55,1300,100,200,8,0.05,0.05,1.0,30,0.0015,80
air_09,air_heavy,0.8,0.8,0.8,0.90,0.55,1300,100,200,8,0.05,0.05,1.0,30,0.0015,80
air_10,air_heavy,0.4,1.0,1.0,0.90,0.55,1300,100,200,8,0.05,0.05,1.0,30,0.0015,80
log_01,logistics_heavy,1.4,1.4,1.4,0.08,0.30,600,1200,1600,10,0.05,0.05,1.0,30,0.0015,80
log_02,logistics_heavy,1.0,1.0,1.0,0.08,0.30,600,1200,1600,10,0.05,0.05,1.0,30,0.0015,80
log_03,logistics_heavy,0.6,0.6,0.6,0.08,0.30,600,1200,1600,10,0.05,0.05,1.0,30,0.0015,80
log_04,logistics_heavy,0.4,1.3,1.3,0.08,0.30,600,1200,1600,10,0.05,0.05,1.0,30,0.0015,80
log_05,logistics_heavy,1.3,0.4,1.3,0.08,0.30,600,1200,1600,10,0.05,0.05,1.0,30,0.0015,80
log_06,logistics_heavy,1.3,1.3,0.4,0.08,0.30,600,1200,1600,10,0.05,0.05,1.0,30,0.0015,80
log_07,logistics_heavy,0.6,1.2,1.2,0.08,0.30,600,1200,1600,10,0.05,0.05,1.0,30,0.0015,80
log_08,logistics_heavy,0.7,0.7,1.6,0.08,0.30,600,1200,1600,10,0.05,0.05,1.0,30,0.0015,80
log_09,logistics_heavy,0.8,0.8,0.8,0.08,0.30,600,1200,1600,10,0.05,0.05,1.0,30,0.0015,80
log_10,logistics_heavy,0.4,1.0,1.0,0.08,0.30,600,1200,1600,10,0.05,0.05,1.0,30,0.0015,80
cmd_01,command_heavy,1.4,1.4,1.4,0.08,0.30,600,100,200,8,0.55,0.55,0.5,240,0.0015,80
cmd_02,command_heavy,1.0,1.0,1.0,0.08,0.30,600,100,200,8,0.55,0.55,0.5,240,0.0015,80
cmd_03,command_heavy,0.6,0.6,0.6,0.08,0.30,600,100,200,8,0.55,0.55,0.5,240,0.0015,80
cmd_04,command_heavy,0.4,1.3,1.3,0.08,0.30,600,100,200,8,0.55,0.55,0.5,240,0.0015,80
cmd_05,command_heavy,1.3,0.4,1.3,0.08,0.30,600,100,200,8,0.55,0.55,0.5,240,0.0015,80
cmd_06,command_heavy,1.3,1.3,0.4,0.08,0.30,600,100,200,8,0.55,0.55,0.5,240,0.0015,80
cmd_07,command_heavy,0.6,1.2,1.2,0.08,0.30,600,100,200,8,0.55,0.55,0.5,240,0.0015,80
cmd_08,command_heavy,0.7,0.7,1.6,0.08,0.30,600,100,200,8,0.55,0.55,0.5,240,0.0015,80
cmd_09,command_heavy,0.8,0.8,0.8,0.08,0.30,600,100,200,8,0.55,0.55,0.5,240,0.0015,80
cmd_10,command_heavy,0.4,1.0,1.0,0.08,0.30,600,100,200,8,0.55,0.55,0.5,240,0.0015,80
fg_01,forcegen_heavy,1.4,1.4,1.4,0.08,0.30,600,100,200,8,0.05,0.05,1.0,30,0.035,120
fg_02,forcegen_heavy,1.0,1.0,1.0,0.08,0.30,600,100,200,8,0.05,0.05,1.0,30,0.035,120
fg_03,forcegen_heavy,0.6,0.6,0.6,0.08,0.30,600,100,200,8,0.05,0.05,1.0,30,0.035,120
fg_04,forcegen_heavy,0.4,1.3,1.3,0.08,0.30,600,100,200,8,0.05,0.05,1.0,30,0.035,120
fg_05,forcegen_heavy,1.3,0.4,1.3,0.08,0.30,600,100,200,8,0.05,0.05,1.0,30,0.035,120
fg_06,forcegen_heavy,1.3,1.3,0.4,0.08,0.30,600,100,200,8,0.05,0.05,1.0,30,0.035,120
fg_07,forcegen_heavy,0.6,1.2,1.2,0.08,0.30,600,100,200,8,0.05,0.05,1.0,30,0.035,120
fg_08,forcegen_heavy,0.7,0.7,1.6,0.08,0.30,600,100,200,8,0.05,0.05,1.0,30,0.035,120
fg_09,forcegen_heavy,0.8,0.8,0.8,0.08,0.30,600,100,200,8,0.05,0.05,1.0,30,0.035,120
fg_10,forcegen_heavy,0.4,1.0,1.0,0.08,0.30,600,100,200,8,0.05,0.05,1.0,30,0.035,120
